Part_number,Supplier,Mode,Transit_time,Source,Part_Rating,Analyst
part1,MZZAT,R,11,Import,B,Analyst3
part2,LKEL9,R,10,Import,B,Analyst5
part3,KLP98,R,9,Import,B,Analyst1
part4,KLP98,R,9,Import,C,Analyst1
part5,PAFUH,R,13,Import,A,Analyst9
part6,HANAU,R,7,Import,C,Analyst1
part7,NYZAE,R,12,Import,B,Analyst6
part8,KZZAT,R,9,Import,C,Analyst8
part9,PAFUH,R,13,Import,B,Analyst6
part10,DCXBV,R,4,Local,A,Analyst1
part11,DCXBV,R,4,Local,C,Analyst4
part12,FI0BT,R,5,Import,C,Analyst2
part13,JNUTR,R,8,Import,C,Analyst4
part14,DCXBV,R,4,Local,A,Analyst6
part15,PAFUH,R,13,Import,A,Analyst1
part16,AXBCD,R,1,Local,C,Analyst2
part17,DCXBV,R,4,Local,C,Analyst9
part18,HANAU,R,7,Import,B,Analyst6
part19,HANAU,R,7,Import,C,Analyst10
part20,LKEL9,R,10,Import,A,Analyst2
part21,LKEL9,R,10,Import,A,Analyst3
part22,MZZAT,R,11,Import,B,Analyst3
part23,C3TIO,R,3,Local,C,Analyst2
part24,GHIZE,R,6,Import,C,Analyst7
part25,GHIZE,R,6,Import,B,Analyst9
part26,HANAU,R,7,Import,B,Analyst2
part27,BIUYT,R,2,Local,A,Analyst10
part28,MZZAT,R,11,Import,A,Analyst4
part29,PAFUH,R,13,Import,C,Analyst4
part30,MZZAT,R,11,Import,C,Analyst7
part31,DCXBV,R,4,Local,C,Analyst4
part32,NYZAE,R,12,Import,A,Analyst10
part33,NYZAE,R,12,Import,C,Analyst7
part34,GHIZE,R,6,Import,A,Analyst2
part35,KZZAT,R,9,Import,B,Analyst2
part36,GHIZE,R,6,Import,B,Analyst5
part37,BIUYT,R,2,Local,C,Analyst9
part38,C3TIO,R,3,Local,B,Analyst2
part39,PAFUH,R,13,Import,C,Analyst8
part40,JNUTR,R,8,Import,B,Analyst7
part41,NYZAE,R,12,Import,A,Analyst5
part42,AXBCD,R,1,Local,C,Analyst8
part43,DCXBV,R,4,Local,B,Analyst5
part44,LKEL9,R,10,Import,B,Analyst8
part45,LKEL9,R,10,Import,A,Analyst9
part46,PAFUH,R,13,Import,C,Analyst5
part47,FI0BT,R,5,Import,A,Analyst8
part48,MZZAT,R,11,Import,A,Analyst5
part49,GHIZE,R,6,Import,B,Analyst6
part50,AXBCD,R,1,Local,A,Analyst10
part51,PAFUH,R,13,Import,C,Analyst9
part52,GHIZE,R,6,Import,C,Analyst4
part53,BIUYT,R,2,Local,A,Analyst6
part54,BIUYT,R,2,Local,C,Analyst1
part55,GHIZE,R,6,Import,A,Analyst5
part56,C3TIO,R,3,Local,B,Analyst1
part57,C3TIO,R,3,Local,C,Analyst8
part58,FI0BT,R,5,Import,B,Analyst8
part59,NYZAE,R,12,Import,A,Analyst6
part60,LKEL9,R,10,Import,A,Analyst3
part61,PAFUH,R,13,Import,B,Analyst7
part62,BIUYT,R,2,Local,B,Analyst2
part63,NYZAE,R,12,Import,C,Analyst10
part64,JNUTR,R,8,Import,C,Analyst10
part65,GHIZE,R,6,Import,C,Analyst1
part66,GHIZE,R,6,Import,B,Analyst6
part67,DCXBV,R,4,Local,A,Analyst9
part68,DCXBV,R,4,Local,C,Analyst9
part69,AXBCD,R,1,Local,B,Analyst4
part70,CL4LO,R,3,Local,A,Analyst3
part71,DCXBV,R,4,Local,A,Analyst7
part72,BIUYT,R,2,Local,C,Analyst5
part73,FI0BT,R,5,Import,A,Analyst1
part74,MZZAT,R,11,Import,B,Analyst1
part75,PAFUH,R,13,Import,A,Analyst7
part76,MZZAT,R,11,Import,A,Analyst3
part77,BIUYT,R,2,Local,B,Analyst2
part78,BIUYT,R,2,Local,B,Analyst4
part79,GHIZE,R,6,Import,B,Analyst3
part80,DCXBV,R,4,Local,C,Analyst3
part81,KZZAT,R,9,Import,B,Analyst7
part82,KZZAT,R,9,Import,C,Analyst6
part83,AXBCD,R,1,Local,B,Analyst7
part84,NYZAE,R,12,Import,C,Analyst10
part85,NYZAE,R,12,Import,A,Analyst4
part86,NYZAE,R,12,Import,C,Analyst4
part87,LZZAA,R,10,Import,C,Analyst2
part88,DCXBV,R,4,Local,B,Analyst9
part89,CL4LO,R,3,Local,C,Analyst3
part90,GHIZE,R,6,Import,A,Analyst5
part91,GHIZE,R,6,Import,C,Analyst4
part92,AXBCD,R,1,Local,A,Analyst8
part93,DCOIV,R,4,Local,A,Analyst2
part94,FI0BT,R,5,Import,C,Analyst5
part95,CL4LO,R,3,Local,B,Analyst1
part96,AXBCD,R,1,Local,A,Analyst4
part97,GHIZE,R,6,Import,A,Analyst10
part98,NYZAE,R,12,Import,B,Analyst10
part99,NYZAE,R,12,Import,C,Analyst7
part100,FI0BT,R,5,Import,A,Analyst7
part101,CL4LO,R,3,Local,A,Analyst10
part102,LZZAA,R,10,Import,B,Analyst2
part103,NYZAE,R,12,Import,B,Analyst2
part104,CL4LO,R,3,Local,B,Analyst4
part105,LZZAA,R,10,Import,A,Analyst6
part106,HANAU,R,7,Import,B,Analyst1
part107,HANAU,R,7,Import,B,Analyst7
part108,AXBCD,R,1,Local,C,Analyst7
part109,AXBCD,R,1,Local,C,Analyst8
part110,DCOIV,R,4,Local,C,Analyst9
part111,FI0BT,R,5,Import,C,Analyst5
part112,LZZAA,R,10,Import,B,Analyst8
part113,PAFUH,R,13,Import,A,Analyst7
part114,HANAU,R,7,Import,B,Analyst1
part115,PAFUH,R,13,Import,C,Analyst5
part116,KZZAT,R,9,Import,A,Analyst3
part117,LZZAA,R,10,Import,A,Analyst1
part118,FI0BT,R,5,Import,B,Analyst9
part119,GHIZE,R,6,Import,C,Analyst9
part120,BIUYT,R,2,Local,A,Analyst6
part121,MZZAT,R,11,Import,C,Analyst1
part122,JNUTR,R,8,Import,C,Analyst1
part123,DCOIV,R,4,Local,B,Analyst6
part124,KZZAT,R,9,Import,C,Analyst2
part125,FI0BT,R,5,Import,C,Analyst9
part126,KZZAT,R,9,Import,C,Analyst1
part127,NYZAE,R,12,Import,B,Analyst8
part128,AXBCD,R,1,Local,A,Analyst3
part129,HANAU,R,7,Import,C,Analyst2
part130,JNUTR,R,8,Import,C,Analyst5
part131,DCOIV,R,4,Local,B,Analyst7
part132,NYZAE,R,12,Import,C,Analyst2
part133,LZZAA,R,10,Import,B,Analyst7
part134,CL4LO,R,3,Local,C,Analyst7
part135,AXBCD,R,1,Local,C,Analyst4
part136,KZZAT,R,9,Import,C,Analyst10
part137,AXBCD,R,1,Local,C,Analyst10
part138,NYZAE,R,12,Import,A,Analyst9
part139,KZZAT,R,9,Import,C,Analyst8
part140,KZZAT,R,9,Import,A,Analyst2
part141,MZZAT,R,11,Import,A,Analyst6
part142,JNUTR,R,8,Import,C,Analyst7
part143,BIUYT,R,2,Local,A,Analyst1
part144,HANAU,R,7,Import,B,Analyst5
part145,NOTYR,R,12,Import,B,Analyst9
part146,NOTYR,R,12,Import,C,Analyst1
part147,BIUYT,R,2,Local,A,Analyst10
part148,FI0BT,R,5,Import,B,Analyst6
part149,MZZAT,R,11,Import,B,Analyst1
part150,GHIZE,R,6,Import,B,Analyst5
part151,KZZAT,R,9,Import,A,Analyst7
part152,AYZDC,R,1,Local,C,Analyst3
part153,NOTYR,R,12,Import,C,Analyst2
part154,FI0BT,R,5,Import,B,Analyst9
part155,GHIZE,R,6,Import,C,Analyst1
part156,LZZAA,R,10,Import,B,Analyst7
part157,KZZAT,R,9,Import,B,Analyst6
part158,KZZAT,R,9,Import,B,Analyst9
part159,MZZAT,R,11,Import,A,Analyst10
part160,MZZAT,R,11,Import,A,Analyst4
part161,GHIZE,R,6,Import,B,Analyst9
part162,HNZZO,R,7,Import,A,Analyst3
part163,JNUTR,R,8,Import,B,Analyst3
part164,HNZZO,R,7,Import,B,Analyst1
part165,KZZAT,R,9,Import,A,Analyst3
part166,FI0BT,R,5,Import,C,Analyst7
part167,AYZDC,R,1,Local,C,Analyst9
part168,DCOIV,R,4,Local,B,Analyst6
part169,KZZAT,R,9,Import,C,Analyst10
part170,AYZDC,R,1,Local,C,Analyst5
part171,MQWAT,R,11,Import,C,Analyst10
part172,BIUYT,R,2,Local,C,Analyst3
part173,GHIZE,R,6,Import,A,Analyst5
part174,CL4LO,R,3,Local,A,Analyst10
part175,CL4LO,R,3,Local,B,Analyst9
part176,DCOIV,R,4,Local,A,Analyst8
part177,MQWAT,R,11,Import,B,Analyst1
part178,HNZZO,R,7,Import,B,Analyst7
part179,NOTYR,R,12,Import,A,Analyst8
part180,GHIZE,R,6,Import,B,Analyst8
part181,JNUTR,R,8,Import,A,Analyst8
part182,AYZDC,R,1,Local,B,Analyst3
part183,AYZDC,R,1,Local,C,Analyst9
part184,AYZDC,R,1,Local,C,Analyst7
part185,AYZDC,R,1,Local,C,Analyst4
part186,AYZDC,R,1,Local,B,Analyst8
part187,AYZDC,R,1,Local,B,Analyst1
part188,NOTYR,R,12,Import,C,Analyst8
part189,CL4LO,R,3,Local,B,Analyst9
part190,MQWAT,R,11,Import,A,Analyst6
part191,PAFUH,R,13,Import,A,Analyst4
part192,JNUTR,R,8,Import,B,Analyst1
part193,LZZAA,R,10,Import,B,Analyst8
part194,LZZAA,R,10,Import,C,Analyst10
part195,JNUTR,R,8,Import,C,Analyst5
part196,NOTYR,R,12,Import,A,Analyst2
part197,PAFUH,R,13,Import,A,Analyst10
part198,JNUTR,R,8,Import,A,Analyst2
part199,HNZZO,R,7,Import,C,Analyst5
part200,NOTYR,R,12,Import,C,Analyst1
part201,MQWAT,R,11,Import,A,Analyst7
part202,FI0BT,R,5,Import,B,Analyst1
part203,HNZZO,R,7,Import,B,Analyst6
part204,HNZZO,R,7,Import,B,Analyst4
part205,AYZDC,R,1,Local,A,Analyst5
part206,KQQYT,R,9,Import,B,Analyst2
part207,HNZZO,R,7,Import,A,Analyst3
part208,NOTYR,R,12,Import,A,Analyst9
part209,KQQYT,R,9,Import,B,Analyst3
part210,GHIZE,R,6,Import,A,Analyst6
part211,LZZAA,R,10,Import,A,Analyst4
part212,LZZAA,R,10,Import,B,Analyst5
part213,HNZZO,R,7,Import,B,Analyst8
part214,PAFUH,R,13,Import,C,Analyst10
part215,AYZDC,R,1,Local,B,Analyst8
part216,FI0BT,R,5,Import,B,Analyst8
part217,MQWAT,R,11,Import,A,Analyst9
part218,JNUTR,R,8,Import,B,Analyst9
part219,JNUTR,R,8,Import,A,Analyst3
part220,HPUDZ,R,7,Import,C,Analyst9
part221,NOTYR,R,12,Import,A,Analyst5
part222,PAFUH,R,13,Import,B,Analyst10
part223,NOTYR,R,12,Import,A,Analyst5
part224,CL4LO,R,3,Local,C,Analyst10
part225,NOTYR,R,12,Import,A,Analyst1
part226,FI0BT,R,5,Import,A,Analyst4
part227,FI0BT,R,5,Import,A,Analyst5
part228,MQWAT,R,11,Import,A,Analyst5
part229,CL4LO,R,3,Local,A,Analyst10
part230,CL4LO,R,3,Local,C,Analyst6
part231,GYUTE,R,6,Import,B,Analyst1
part232,NOTYR,R,12,Import,A,Analyst4
part233,CL4LO,R,3,Local,A,Analyst5
part234,AYZDC,R,1,Local,B,Analyst6
part235,CIAO1,R,3,Local,B,Analyst7
part236,LZZAA,R,10,Import,C,Analyst3
part237,DCOIV,R,4,Local,C,Analyst1
part238,FI0BT,R,5,Import,C,Analyst4
part239,KQQYT,R,9,Import,B,Analyst1
part240,AYZDC,R,1,Local,C,Analyst3
part241,NOTYR,R,12,Import,A,Analyst10
part242,NPTWE,R,12,Import,A,Analyst1
part243,KQQYT,R,9,Import,A,Analyst2
part244,JNUTR,R,8,Import,C,Analyst1
part245,NPTWE,R,12,Import,B,Analyst3
part246,BIUYT,R,2,Local,C,Analyst1
part247,PAFUH,R,13,Import,C,Analyst4
part248,LZZAA,R,10,Import,A,Analyst9
part249,MQWAT,R,11,Import,C,Analyst9
part250,FZTYR,R,5,Import,C,Analyst5
part251,DCOIV,R,4,Local,C,Analyst10
part252,FZTYR,R,5,Import,A,Analyst5
part253,KQQYT,R,9,Import,C,Analyst6
part254,PAFUH,R,13,Import,C,Analyst10
part255,DCOIV,R,4,Local,A,Analyst6
part256,NPTWE,R,12,Import,A,Analyst7
part257,KQQYT,R,9,Import,B,Analyst1
part258,CIAO1,R,3,Local,B,Analyst8
part259,JNUTR,R,8,Import,B,Analyst1
part260,DCOIV,R,4,Local,A,Analyst6
part261,AZDCF,R,1,Local,B,Analyst2
part262,PAFUH,R,13,Import,C,Analyst4
part263,BIUYT,R,2,Local,C,Analyst1
part264,MQWAT,R,11,Import,B,Analyst4
part265,BIUYT,R,2,Local,C,Analyst9
part266,MQWAT,R,11,Import,B,Analyst7
part267,NPTWE,R,12,Import,B,Analyst4
part268,FZTYR,R,5,Import,B,Analyst7
part269,PAFUH,R,13,Import,B,Analyst8
part270,JNUTR,R,8,Import,A,Analyst4
part271,NPTWE,R,12,Import,C,Analyst7
part272,LZZAA,R,10,Import,A,Analyst1
part273,FZTYR,R,5,Import,C,Analyst4
part274,KQQYT,R,9,Import,B,Analyst10
part275,MQWAT,R,11,Import,A,Analyst9
part276,HPUDZ,R,7,Import,A,Analyst3
part277,AZDCF,R,1,Local,A,Analyst5
part278,PAFUH,R,13,Import,A,Analyst1
part279,PAFUH,R,13,Import,A,Analyst8
part280,LZZAA,R,10,Import,C,Analyst6
part281,FZTYR,R,5,Import,C,Analyst1
part282,BIUYT,R,2,Local,B,Analyst8
part283,MQWAT,R,11,Import,C,Analyst4
part284,CIAO1,R,3,Local,B,Analyst9
part285,LZZAA,R,10,Import,A,Analyst8
part286,NPTWE,R,12,Import,C,Analyst10
part287,KQQYT,R,9,Import,A,Analyst7
part288,MQWAT,R,11,Import,B,Analyst8
part289,BIUYT,R,2,Local,B,Analyst2
part290,D19HU,R,4,Local,B,Analyst3
part291,MQWAT,R,11,Import,B,Analyst2
part292,LZZAA,R,10,Import,C,Analyst6
part293,HPUDZ,R,7,Import,A,Analyst9
part294,NPTWE,R,12,Import,A,Analyst5
part295,GYUTE,R,6,Import,B,Analyst3
part296,LZZAA,R,10,Import,B,Analyst1
part297,GYUTE,R,6,Import,C,Analyst8
part298,KQQYT,R,9,Import,A,Analyst10
part299,KQQYT,R,9,Import,C,Analyst6
part300,HPUDZ,R,7,Import,A,Analyst4
part301,NI763,R,12,Import,B,Analyst2
part302,PAFUH,R,13,Import,C,Analyst6
part303,MQWAT,R,11,Import,A,Analyst7
part304,JNUTR,R,8,Import,A,Analyst7
part305,AZDCF,R,1,Local,A,Analyst10
part306,CIAO1,R,3,Local,B,Analyst6
part307,FZTYR,R,5,Import,C,Analyst7
part308,D19HU,R,4,Local,A,Analyst7
part309,GYUTE,R,6,Import,C,Analyst7
part310,FZTYR,R,5,Import,C,Analyst2
part311,HPUDZ,R,7,Import,A,Analyst7
part312,GYUTE,R,6,Import,A,Analyst2
part313,FZTYR,R,5,Import,C,Analyst5
part314,AZDCF,R,1,Local,C,Analyst2
part315,PAFUH,R,13,Import,B,Analyst5
part316,PAFUH,R,13,Import,B,Analyst8
part317,LZZAA,R,10,Import,A,Analyst3
part318,CIAO1,R,3,Local,A,Analyst8
part319,D19HU,R,4,Local,B,Analyst4
part320,AZDCF,R,1,Local,C,Analyst10
part321,FZTYR,R,5,Import,A,Analyst8
part322,D19HU,R,4,Local,B,Analyst1
part323,LZZAA,R,10,Import,C,Analyst2
part324,JNUTR,R,8,Import,C,Analyst9
part325,D19HU,R,4,Local,C,Analyst6
part326,CIAO1,R,3,Local,B,Analyst8
part327,NI763,R,12,Import,C,Analyst9
part328,GYTEU,R,6,Import,C,Analyst7
part329,BIPIU,R,2,Local,C,Analyst8
part330,LZZAA,R,10,Import,A,Analyst3
part331,CIAO1,R,3,Local,C,Analyst7
part332,NI763,R,12,Import,A,Analyst9
part333,HPUDZ,R,7,Import,C,Analyst2
part334,AZDCF,R,1,Local,A,Analyst2
part335,GYTEU,R,6,Import,C,Analyst6
part336,KQQYT,R,9,Import,A,Analyst9
part337,HPUDZ,R,7,Import,A,Analyst4
part338,GYTEU,R,6,Import,B,Analyst8
part339,GYTEU,R,6,Import,A,Analyst1
part340,MQWAT,R,11,Import,C,Analyst4
part341,AZDCF,R,1,Local,C,Analyst3
part342,BIPIU,R,2,Local,B,Analyst8
part343,JNUTR,R,8,Import,A,Analyst10
part344,KQQYT,R,9,Import,B,Analyst10
part345,LZZAA,R,10,Import,B,Analyst5
part346,NI763,R,12,Import,A,Analyst1
part347,FZTYR,R,5,Import,A,Analyst7
part348,NI763,R,12,Import,A,Analyst2
part349,F89YR,R,5,Import,A,Analyst8
part350,BIPIU,R,2,Local,C,Analyst1
part351,NI763,R,12,Import,A,Analyst2
part352,CIAO1,R,3,Local,B,Analyst9
part353,F31ZR,R,5,Import,B,Analyst7
part354,F31ZR,R,5,Import,C,Analyst7
part355,D19HU,R,4,Local,A,Analyst6
part356,CIAO1,R,3,Local,C,Analyst9
part357,KQQYT,R,9,Import,C,Analyst6
part358,LZZAA,R,10,Import,A,Analyst9
part359,PAFUH,R,13,Import,C,Analyst7
part360,KQQYT,R,9,Import,B,Analyst1
part361,JNUTR,R,8,Import,A,Analyst2
part362,AZDCF,R,1,Local,C,Analyst9
part363,MQWAT,R,11,Import,C,Analyst8
part364,D19HU,R,4,Local,C,Analyst6
part365,JNUTR,R,8,Import,B,Analyst4
part366,D19HU,R,4,Local,C,Analyst6
part367,HPUDZ,R,7,Import,B,Analyst5
part368,LZZAA,R,10,Import,A,Analyst7
part369,AZDCF,R,1,Local,B,Analyst8
part370,F31ZR,R,5,Import,A,Analyst5
part371,LZZAA,R,10,Import,A,Analyst4
part372,GYTEU,R,6,Import,C,Analyst7
part373,NI763,R,12,Import,B,Analyst5
part374,MAU75,R,11,Import,A,Analyst3
part375,JNUTR,R,8,Import,A,Analyst7
part376,LZZAA,R,10,Import,C,Analyst9
part377,NI763,R,12,Import,A,Analyst2
part378,JNUTR,R,8,Import,C,Analyst7
part379,F31ZR,R,5,Import,A,Analyst10
part380,AZDCF,R,1,Local,B,Analyst4
part381,PAFUH,R,13,Import,C,Analyst7
part382,MAU75,R,11,Import,C,Analyst1
part383,AZDCF,R,1,Local,C,Analyst10
part384,D19HU,R,4,Local,A,Analyst1
part385,MAU75,R,11,Import,C,Analyst5
part386,MAU75,R,11,Import,A,Analyst2
part387,BIPIU,R,2,Local,C,Analyst8
part388,F31ZR,R,5,Import,A,Analyst2
part389,JNUTR,R,8,Import,B,Analyst8
part390,MAU75,R,11,Import,A,Analyst3
part391,LZZAA,R,10,Import,C,Analyst9
part392,GYTEU,R,6,Import,B,Analyst2
part393,JNUTR,R,8,Import,A,Analyst7
part394,NI763,R,12,Import,C,Analyst8
part395,F31ZR,R,5,Import,C,Analyst7
part396,F31ZR,R,5,Import,A,Analyst8
part397,MAU75,R,11,Import,A,Analyst10
part398,KQQYT,R,9,Import,B,Analyst2
part399,D19HU,R,4,Local,C,Analyst2
part400,F31ZR,R,5,Import,A,Analyst3
part401,LZZAA,R,10,Import,A,Analyst7
part402,HPUDZ,R,7,Import,C,Analyst8
part403,D19HU,R,4,Local,B,Analyst5
part404,GY23U,R,6,Import,B,Analyst9
part405,JNUTR,R,8,Import,B,Analyst2
part406,NI763,R,12,Import,B,Analyst10
part407,F31ZR,R,5,Import,B,Analyst5
part408,BIPIU,R,2,Local,B,Analyst9
part409,KQQYT,R,9,Import,C,Analyst5
part410,AZDCF,R,1,Local,A,Analyst2
part411,HPUDZ,R,7,Import,B,Analyst1
part412,CWVXB,R,3,Local,A,Analyst8
part413,G6F3U,R,6,Import,A,Analyst5
part414,PAFUH,R,13,Import,A,Analyst7
part415,CWVXB,R,3,Local,C,Analyst1
part416,MAU75,R,11,Import,C,Analyst5
part417,LZZAA,R,10,Import,C,Analyst10
part418,KQQYT,R,9,Import,C,Analyst3
part419,LYUI5,R,10,Import,A,Analyst7
part420,JNUTR,R,8,Import,C,Analyst9
part421,HPUDZ,R,7,Import,A,Analyst5
part422,BIPIU,R,2,Local,A,Analyst8
part423,MAU75,R,11,Import,B,Analyst5
part424,G6FNU,R,6,Import,B,Analyst6
part425,NI763,R,12,Import,C,Analyst7
part426,BIPIU,R,2,Local,B,Analyst3
part427,F31ZR,R,5,Import,B,Analyst2
part428,HPUDZ,R,7,Import,A,Analyst4
part429,LYUI5,R,10,Import,C,Analyst8
part430,AZDCF,R,1,Local,B,Analyst10
part431,CWVXB,R,3,Local,C,Analyst8
part432,CWVXB,R,3,Local,A,Analyst9
part433,CWVXB,R,3,Local,A,Analyst9
part434,CWVXB,R,3,Local,A,Analyst3
part435,G6FNU,R,6,Import,C,Analyst1
part436,NI763,R,12,Import,A,Analyst6
part437,HPUDZ,R,7,Import,B,Analyst1
part438,F31ZR,R,5,Import,C,Analyst8
part439,D19HU,R,4,Local,B,Analyst8
part440,CWVXB,R,3,Local,A,Analyst7
part441,MAU75,R,11,Import,C,Analyst2
part442,HPUDZ,R,7,Import,B,Analyst5
part443,LYUI5,R,10,Import,A,Analyst9
part444,CWETV,R,3,Local,C,Analyst6
part445,LYUI5,R,10,Import,B,Analyst10
part446,G6FNU,R,6,Import,A,Analyst3
part447,KQQYT,R,9,Import,A,Analyst7
part448,JNUTR,R,8,Import,A,Analyst4
part449,NI763,R,12,Import,A,Analyst1
part450,D19HU,R,4,Local,C,Analyst3
part451,G6FNU,R,6,Import,A,Analyst6
part452,G6FNU,R,6,Import,A,Analyst7
part453,F31ZR,R,5,Import,A,Analyst8
part454,JNUTR,R,8,Import,A,Analyst5
part455,F31ZR,R,5,Import,B,Analyst6
part456,BWIOP,R,2,Local,B,Analyst5
part457,G6FNU,R,6,Import,A,Analyst2
part458,BWIOP,R,2,Local,B,Analyst9
part459,F31ZR,R,5,Import,A,Analyst1
part460,G6FNU,R,6,Import,C,Analyst3
part461,PAFUH,R,13,Import,C,Analyst1
part462,MAU75,R,11,Import,B,Analyst7
part463,AZDCF,R,1,Local,C,Analyst10
part464,F31ZR,R,5,Import,A,Analyst7
part465,NI763,R,12,Import,B,Analyst6
part466,LYUI5,R,10,Import,B,Analyst5
part467,AUDUC,R,1,Local,A,Analyst10
part468,HPUDZ,R,7,Import,C,Analyst9
part469,AUDUC,R,1,Local,C,Analyst9
part470,AUDUC,R,1,Local,A,Analyst6
part471,PAFUH,R,13,Import,A,Analyst9
part472,PAFUH,R,13,Import,A,Analyst10
part473,NI763,R,12,Import,C,Analyst1
part474,AUDUC,R,1,Local,B,Analyst10
part475,MAU75,R,11,Import,B,Analyst6
part476,AUDUC,R,1,Local,A,Analyst3
part477,HPUDZ,R,7,Import,C,Analyst4
part478,LYUI5,R,10,Import,C,Analyst6
part479,MAU75,R,11,Import,A,Analyst4
part480,LYUI5,R,10,Import,B,Analyst10
part481,LYUI5,R,10,Import,C,Analyst9
part482,LYUI5,R,10,Import,A,Analyst9
part483,D19HU,R,4,Local,A,Analyst4
part484,NI763,R,12,Import,A,Analyst6
part485,LYUI5,R,10,Import,A,Analyst6
part486,CWETV,R,3,Local,C,Analyst1
part487,AUDUC,R,1,Local,C,Analyst4
part488,FOITR,R,5,Import,C,Analyst10
part489,JNUTR,R,8,Import,C,Analyst3
part490,D19HU,R,4,Local,C,Analyst2
part491,G6FNU,R,6,Import,A,Analyst2
part492,HETPW,R,7,Import,B,Analyst5
part493,NI763,R,12,Import,B,Analyst8
part494,PAFUH,R,13,Import,B,Analyst9
part495,G6FNU,R,6,Import,A,Analyst1
part496,FOITR,R,5,Import,B,Analyst6
part497,FOITR,R,5,Import,B,Analyst4
part498,NI763,R,12,Import,C,Analyst8
part499,LYUI5,R,10,Import,B,Analyst2
part500,PAFUH,R,13,Import,C,Analyst7
part501,D19HU,R,4,Local,A,Analyst2
part502,AUDUC,R,1,Local,C,Analyst6
part503,CWETV,R,3,Local,B,Analyst2
part504,KQQYT,R,9,Import,A,Analyst2
part505,BWIOP,R,2,Local,A,Analyst8
part506,LYUI5,R,10,Import,B,Analyst8
part507,PAFUH,R,13,Import,C,Analyst9
part508,NI763,R,12,Import,B,Analyst4
part509,GYZZZ,R,6,Import,C,Analyst3
part510,D19HU,R,4,Local,C,Analyst4
part511,PAFUH,R,13,Import,C,Analyst9
part512,LYUI5,R,10,Import,B,Analyst9
part513,AUDUC,R,1,Local,B,Analyst1
part514,LYUI5,R,10,Import,B,Analyst9
part515,KQQYT,R,9,Import,B,Analyst3
part516,JNUTR,R,8,Import,C,Analyst7
part517,FOITR,R,5,Import,C,Analyst1
part518,CW9VT,R,3,Local,A,Analyst8
part519,MAU75,R,11,Import,A,Analyst5
part520,AUDUC,R,1,Local,C,Analyst7
part521,MAU75,R,11,Import,A,Analyst6
part522,MIO43,R,11,Import,B,Analyst2
part523,CW9VT,R,3,Local,B,Analyst9
part524,FQITR,R,5,Import,B,Analyst5
part525,CW9VT,R,3,Local,A,Analyst5
part526,NI763,R,12,Import,B,Analyst10
part527,JOPZZ,R,8,Import,C,Analyst7
part528,JOPZZ,R,8,Import,A,Analyst1
part529,KPOTR,R,9,Import,C,Analyst5
part530,GYZZZ,R,6,Import,A,Analyst8
part531,LQE45,R,10,Import,B,Analyst6
part532,PAFUH,R,13,Import,B,Analyst8
part533,D19HU,R,4,Local,C,Analyst6
part534,D19HU,R,4,Local,B,Analyst4
part535,HETPW,R,7,Import,A,Analyst4
part536,BWIOP,R,2,Local,A,Analyst10
part537,KPOTR,R,9,Import,C,Analyst8
part538,PAFUH,R,13,Import,B,Analyst10
part539,NI763,R,12,Import,C,Analyst10
part540,JOPZZ,R,8,Import,A,Analyst4
part541,FQITR,R,5,Import,C,Analyst4
part542,GYZZZ,R,6,Import,A,Analyst10
part543,FQITR,R,5,Import,B,Analyst3
part544,KPOTR,R,9,Import,B,Analyst2
part545,D19HU,R,4,Local,C,Analyst8
part546,CW9VT,R,3,Local,C,Analyst5
part547,MIO43,R,11,Import,C,Analyst2
part548,CW9VT,R,3,Local,B,Analyst7
part549,GYZZZ,R,6,Import,A,Analyst5
part550,AUDUC,R,1,Local,B,Analyst3
part551,PAFUH,R,13,Import,C,Analyst1
part552,PAFUH,R,13,Import,A,Analyst3
part553,HETPW,R,7,Import,A,Analyst2
part554,AUDUC,R,1,Local,B,Analyst7
part555,JOPZZ,R,8,Import,B,Analyst8
part556,HETPW,R,7,Import,B,Analyst8
part557,KPOTR,R,9,Import,B,Analyst8
part558,PAFUH,R,13,Import,A,Analyst2
part559,JOPZZ,R,8,Import,B,Analyst3
part560,HETPW,R,7,Import,B,Analyst9
part561,NI763,R,12,Import,A,Analyst5
part562,CW9VT,R,3,Local,C,Analyst8
part563,GYZZZ,R,6,Import,A,Analyst5
part564,AUDUC,R,1,Local,A,Analyst9
part565,KPOTR,R,9,Import,B,Analyst5
part566,JOPZZ,R,8,Import,B,Analyst5
part567,PAFUH,R,13,Import,C,Analyst6
part568,JOPZZ,R,8,Import,A,Analyst5
part569,LKEL9,R,10,Import,A,Analyst5
part570,NI763,R,12,Import,A,Analyst3
part571,KPOTR,R,9,Import,B,Analyst1
part572,FQITR,R,5,Import,C,Analyst1
part573,D19HU,R,4,Local,B,Analyst7
part574,KPOTR,R,9,Import,B,Analyst4
part575,LKEL9,R,10,Import,C,Analyst1
part576,AUDUC,R,1,Local,A,Analyst6
part577,GYYAA,R,6,Import,A,Analyst3
part578,D19HU,R,4,Local,B,Analyst10
part579,KPOTR,R,9,Import,B,Analyst8
part580,PAFUH,R,13,Import,A,Analyst4
part581,BWIOP,R,2,Local,A,Analyst5
part582,AUDUC,R,1,Local,A,Analyst4
part583,BWIOP,R,2,Local,C,Analyst5
part584,HETPW,R,7,Import,A,Analyst9
part585,LKEL9,R,10,Import,A,Analyst9
part586,KPOTR,R,9,Import,C,Analyst7
part587,GYYAA,R,6,Import,A,Analyst5
part588,KPOTR,R,9,Import,B,Analyst10
part589,BWIOP,R,2,Local,C,Analyst10
part590,BWIOP,R,2,Local,B,Analyst8
part591,JOPZZ,R,8,Import,A,Analyst10
part592,PAFUH,R,13,Import,B,Analyst9
part593,D19HU,R,4,Local,C,Analyst3
part594,PAFUH,R,13,Import,C,Analyst3
part595,KPOTR,R,9,Import,A,Analyst1
part596,GYYAA,R,6,Import,B,Analyst6
part597,BWIOP,R,2,Local,A,Analyst7
part598,NI763,R,12,Import,B,Analyst5
part599,NI763,R,12,Import,C,Analyst8
part600,HETPW,R,7,Import,C,Analyst10
part601,JOPZZ,R,8,Import,B,Analyst10
part602,CW9VT,R,3,Local,A,Analyst1
part603,GYYAA,R,6,Import,B,Analyst7
part604,BWILP,R,2,Local,C,Analyst8
part605,FQITR,R,5,Import,A,Analyst9
part606,FQI97,R,5,Import,B,Analyst10
part607,AUDUC,R,1,Local,B,Analyst6
part608,BWILP,R,2,Local,B,Analyst5
part609,BWILP,R,2,Local,C,Analyst7
part610,PAFUH,R,13,Import,B,Analyst1
part611,GYYAA,R,6,Import,B,Analyst3
part612,KPOTR,R,9,Import,A,Analyst3
part613,MIO43,R,11,Import,A,Analyst4
part614,LKEL9,R,10,Import,B,Analyst5
part615,HETPW,R,7,Import,B,Analyst1
part616,FQI97,R,5,Import,A,Analyst7
part617,HETPW,R,7,Import,B,Analyst1
part618,AUDUC,R,1,Local,C,Analyst8
part619,AUDUC,R,1,Local,B,Analyst1
part620,LKEL9,R,10,Import,C,Analyst5
part621,LKEL9,R,10,Import,B,Analyst1
part622,BWILP,R,2,Local,B,Analyst1
part623,GYYAA,R,6,Import,A,Analyst4
part624,CW9VT,R,3,Local,A,Analyst1
part625,CW9VT,R,3,Local,A,Analyst5
part626,D19HU,R,4,Local,A,Analyst10
part627,JOPZZ,R,8,Import,A,Analyst2
part628,AUDUC,R,1,Local,B,Analyst2
part629,LKEL9,R,10,Import,C,Analyst4
part630,BWILP,R,2,Local,C,Analyst8
part631,JOPZZ,R,8,Import,B,Analyst2
part632,FQI97,R,5,Import,B,Analyst3
part633,JOPZZ,R,8,Import,C,Analyst2
part634,LKEL9,R,10,Import,C,Analyst1
part635,KPOTR,R,9,Import,B,Analyst8
part636,JOPZZ,R,8,Import,C,Analyst3
part637,NI763,R,12,Import,A,Analyst5
part638,GYYAA,R,6,Import,C,Analyst4
part639,BWILP,R,2,Local,B,Analyst2
part640,KPOTR,R,9,Import,B,Analyst3
part641,BWILP,R,2,Local,A,Analyst2
part642,GYYAA,R,6,Import,C,Analyst10
part643,HETPW,R,7,Import,C,Analyst4
part644,JOPZZ,R,8,Import,B,Analyst5
part645,GYYAA,R,6,Import,C,Analyst4
part646,FQI97,R,5,Import,A,Analyst3
part647,PAFUH,R,13,Import,B,Analyst4
part648,MIO43,R,11,Import,C,Analyst4
part649,LKEL9,R,10,Import,A,Analyst3
part650,D19HU,R,4,Local,B,Analyst7
part651,LKEL9,R,10,Import,C,Analyst8
part652,FQI97,R,5,Import,A,Analyst7
part653,BLWIA,R,2,Local,A,Analyst5
part654,HETPW,R,7,Import,C,Analyst1
part655,KPOTR,R,9,Import,A,Analyst3
part656,D19HU,R,4,Local,A,Analyst1
part657,NI763,R,12,Import,A,Analyst10
part658,CW9VT,R,3,Local,C,Analyst4
part659,CW9VT,R,3,Local,A,Analyst10
part660,MIO43,R,11,Import,C,Analyst5
part661,ARTRE,R,1,Local,A,Analyst9
part662,ARTRE,R,1,Local,A,Analyst2
part663,JOPZZ,R,8,Import,C,Analyst5
part664,GYYAA,R,6,Import,B,Analyst3
part665,DMIAC,R,4,Local,B,Analyst8
part666,DMIAC,R,4,Local,B,Analyst8
part667,NI763,R,12,Import,A,Analyst3
part668,CW9VT,R,3,Local,A,Analyst8
part669,ARTRE,R,1,Local,B,Analyst6
part670,NI763,R,12,Import,B,Analyst3
part671,GYYAA,R,6,Import,C,Analyst7
part672,NI763,R,12,Import,A,Analyst1
part673,DMIAC,R,4,Local,A,Analyst2
part674,LKEL9,R,10,Import,A,Analyst1
part675,CW9VT,R,3,Local,C,Analyst1
part676,FQNQ7,R,5,Import,B,Analyst10
part677,ARTRE,R,1,Local,C,Analyst6
part678,NQNBA,R,12,Import,B,Analyst3
part679,LKEL9,R,10,Import,A,Analyst2
part680,FQNQ7,R,5,Import,B,Analyst10
part681,GYYAA,R,6,Import,C,Analyst3
part682,ARTRE,R,1,Local,A,Analyst10
part683,GYYAA,R,6,Import,A,Analyst7
part684,GYYAA,R,6,Import,C,Analyst8
part685,CW9VT,R,3,Local,A,Analyst4
part686,HETPW,R,7,Import,B,Analyst2
part687,GYYAA,R,6,Import,A,Analyst10
part688,NQNBA,R,12,Import,A,Analyst1
part689,ARTRE,R,1,Local,C,Analyst10
part690,FQNQ7,R,5,Import,B,Analyst1
part691,JOPZZ,R,8,Import,A,Analyst9
part692,JOPZZ,R,8,Import,C,Analyst7
part693,ARTRE,R,1,Local,A,Analyst2
part694,GYYAA,R,6,Import,A,Analyst3
part695,LKEL9,R,10,Import,B,Analyst5
part696,HETPW,R,7,Import,A,Analyst7
part697,DMIAC,R,4,Local,B,Analyst10
part698,LKEL9,R,10,Import,C,Analyst10
part699,CW9VT,R,3,Local,C,Analyst5
part700,ARTRE,R,1,Local,B,Analyst5
part701,JUYZR,R,8,Import,B,Analyst2
part702,BLWIB,R,2,Local,B,Analyst5
part703,CW9VT,R,3,Local,B,Analyst3
part704,LKEL9,R,10,Import,C,Analyst9
part705,GQQAU,R,6,Import,B,Analyst2
part706,MIO43,R,11,Import,C,Analyst8
part707,GQQAU,R,6,Import,C,Analyst2
part708,NQNBA,R,12,Import,A,Analyst2
part709,CW9VT,R,3,Local,B,Analyst6
part710,KPOTR,R,9,Import,B,Analyst3
part711,LKEL9,R,10,Import,A,Analyst7
part712,K76KL,R,9,Import,C,Analyst8
part713,FQNQ7,R,5,Import,A,Analyst3
part714,ARTRE,R,1,Local,C,Analyst2
part715,LKEL9,R,10,Import,A,Analyst1
part716,K76KL,R,9,Import,C,Analyst3
part717,PAFUH,R,13,Import,A,Analyst5
part718,FQNQ7,R,5,Import,A,Analyst2
part719,LKEL9,R,10,Import,B,Analyst4
part720,LKEL9,R,10,Import,B,Analyst10
part721,HETPW,R,7,Import,B,Analyst9
part722,JUYZR,R,8,Import,C,Analyst8
part723,DMIAC,R,4,Local,C,Analyst2
part724,K76KL,R,9,Import,B,Analyst6
part725,HETPW,R,7,Import,C,Analyst6
part726,PAFUH,R,13,Import,B,Analyst5
part727,FINY7,R,5,Import,B,Analyst2
part728,MIO43,R,11,Import,C,Analyst1
part729,PAFUH,R,13,Import,A,Analyst8
part730,CZTYU,R,3,Local,A,Analyst9
part731,FINY7,R,5,Import,A,Analyst6
part732,BLWIB,R,2,Local,A,Analyst6
part733,PAFUH,R,13,Import,C,Analyst1
part734,PAFUH,R,13,Import,C,Analyst9
part735,GQQAU,R,6,Import,A,Analyst3
part736,DMIAC,R,4,Local,B,Analyst4
part737,DMIAC,R,4,Local,B,Analyst6
part738,DMIAC,R,4,Local,C,Analyst8
part739,MIO43,R,11,Import,A,Analyst8
part740,CZTYU,R,3,Local,C,Analyst4
part741,GQQAU,R,6,Import,A,Analyst8
part742,HETPW,R,7,Import,C,Analyst3
part743,ARTRE,R,1,Local,A,Analyst3
part744,NQNBA,R,12,Import,B,Analyst10
part745,JUYZR,R,8,Import,A,Analyst2
part746,GQQAU,R,6,Import,A,Analyst5
part747,JUYZR,R,8,Import,A,Analyst9
part748,HETPW,R,7,Import,B,Analyst9
part749,NQNBA,R,12,Import,B,Analyst4
part750,DMIAC,R,4,Local,B,Analyst4
part751,CZTYU,R,3,Local,B,Analyst8
part752,DMIAC,R,4,Local,A,Analyst10
part753,NQNBA,R,12,Import,B,Analyst1
part754,ARTRE,R,1,Local,C,Analyst4
part755,JUYZR,R,8,Import,C,Analyst3
part756,ARTRE,R,1,Local,A,Analyst3
part757,HETPW,R,7,Import,A,Analyst8
part758,FINY7,R,5,Import,C,Analyst5
part759,CZTYU,R,3,Local,C,Analyst1
part760,NQNBA,R,12,Import,C,Analyst9
part761,CZTYU,R,3,Local,B,Analyst8
part762,LKEL9,R,10,Import,C,Analyst8
part763,GQQAU,R,6,Import,C,Analyst10
part764,JUYZR,R,8,Import,C,Analyst5
part765,BLWIB,R,2,Local,C,Analyst8
part766,FINY7,R,5,Import,A,Analyst7
part767,GQQAU,R,6,Import,B,Analyst5
part768,NQNBA,R,12,Import,A,Analyst10
part769,CZTYU,R,3,Local,C,Analyst8
part770,K76KL,R,9,Import,A,Analyst9
part771,MIO43,R,11,Import,A,Analyst6
part772,LKEL9,R,10,Import,A,Analyst4
part773,PAFUH,R,13,Import,A,Analyst3
part774,ARTRE,R,1,Local,B,Analyst8
part775,DMIAC,R,4,Local,C,Analyst3
part776,PAFUH,R,13,Import,A,Analyst10
part777,FINY7,R,5,Import,A,Analyst4
part778,CZTYU,R,3,Local,A,Analyst5
part779,LKEL9,R,10,Import,C,Analyst10
part780,BLWIB,R,2,Local,B,Analyst3
part781,CZTYU,R,3,Local,C,Analyst3
part782,DMIAC,R,4,Local,C,Analyst1
part783,HETPW,R,7,Import,A,Analyst10
part784,FINY7,R,5,Import,B,Analyst1
part785,K76KL,R,9,Import,A,Analyst1
part786,ARTRE,R,1,Local,A,Analyst5
part787,DMIAC,R,4,Local,B,Analyst10
part788,LKEL9,R,10,Import,B,Analyst9
part789,K76KL,R,9,Import,B,Analyst8
part790,CZTYU,R,3,Local,B,Analyst3
part791,JUYZR,R,8,Import,B,Analyst8
part792,GQQAU,R,6,Import,C,Analyst9
part793,FINY7,R,5,Import,A,Analyst9
part794,FINY7,R,5,Import,A,Analyst5
part795,HETPW,R,7,Import,B,Analyst4
part796,FINY7,R,5,Import,C,Analyst2
part797,HETPW,R,7,Import,C,Analyst2
part798,NQNBA,R,12,Import,C,Analyst2
part799,CZTYU,R,3,Local,A,Analyst2
part800,LKEL9,R,10,Import,C,Analyst9
part801,CZTYU,R,3,Local,C,Analyst1
part802,K76KL,R,9,Import,B,Analyst9
part803,ARTRE,R,1,Local,C,Analyst8
part804,DMIAC,R,4,Local,B,Analyst8
part805,HETPW,R,7,Import,A,Analyst6
part806,FINY7,R,5,Import,A,Analyst6
part807,CZTYU,R,3,Local,B,Analyst6
part808,FINY7,R,5,Import,C,Analyst6
part809,ARTRE,R,1,Local,B,Analyst8
part810,DMIAC,R,4,Local,A,Analyst4
part811,HETPW,R,7,Import,A,Analyst8
part812,CZTYU,R,3,Local,A,Analyst6
part813,MIO43,R,11,Import,C,Analyst6
part814,BLWIB,R,2,Local,B,Analyst5
part815,FINY7,R,5,Import,A,Analyst3
part816,PAFUH,R,13,Import,A,Analyst3
part817,JUYZR,R,8,Import,B,Analyst7
part818,NQNBA,R,12,Import,C,Analyst1
part819,BLWIB,R,2,Local,B,Analyst3
part820,PAFUH,R,13,Import,C,Analyst9
part821,JUYZR,R,8,Import,C,Analyst4
part822,CZTYU,R,3,Local,B,Analyst10
part823,MIO43,R,11,Import,B,Analyst2
part824,PAFUH,R,13,Import,A,Analyst10
part825,LKEL9,R,10,Import,A,Analyst3
part826,NQNBA,R,12,Import,C,Analyst7
part827,JUYZR,R,8,Import,B,Analyst10
part828,JUYZR,R,8,Import,B,Analyst8
part829,MIO43,R,11,Import,B,Analyst2
part830,BL1IB,R,2,Local,A,Analyst3
part831,GQQAU,R,6,Import,B,Analyst10
part832,ARTRE,R,1,Local,A,Analyst5
part833,FINY7,R,5,Import,B,Analyst4
part834,MCRET,R,11,Import,B,Analyst5
part835,LKEL9,R,10,Import,B,Analyst7
part836,CZTYU,R,3,Local,A,Analyst2
part837,CLMVE,R,3,Local,B,Analyst10
part838,ARTRE,R,1,Local,A,Analyst9
part839,CLMVE,R,3,Local,A,Analyst7
part840,DMIAC,R,4,Local,A,Analyst3
part841,NQNBA,R,12,Import,C,Analyst7
part842,ARTRE,R,1,Local,B,Analyst3
part843,F7VIY,R,5,Import,A,Analyst3
part844,NQNBA,R,12,Import,C,Analyst6
part845,NQNBA,R,12,Import,C,Analyst10
part846,PAFUH,R,13,Import,A,Analyst7
part847,MCRET,R,11,Import,B,Analyst6
part848,CLMVE,R,3,Local,A,Analyst8
part849,BL1IB,R,2,Local,A,Analyst10
part850,NQNBA,R,12,Import,A,Analyst6
part851,CLMVE,R,3,Local,B,Analyst6
part852,GQQAU,R,6,Import,A,Analyst10
part853,HETPW,R,7,Import,C,Analyst8
part854,JUYZR,R,8,Import,C,Analyst10
part855,K76KL,R,9,Import,B,Analyst5
part856,MCRET,R,11,Import,B,Analyst9
part857,DMIAC,R,4,Local,C,Analyst10
part858,NQNBA,R,12,Import,C,Analyst7
part859,NQNBA,R,12,Import,A,Analyst9
part860,K76KL,R,9,Import,A,Analyst7
part861,CLMVE,R,3,Local,C,Analyst1
part862,K76KL,R,9,Import,C,Analyst10
part863,PAFUH,R,13,Import,B,Analyst9
part864,GQQAU,R,6,Import,A,Analyst10
part865,CLMVE,R,3,Local,A,Analyst5
part866,PAFUH,R,13,Import,B,Analyst4
part867,LKEL9,R,10,Import,B,Analyst3
part868,F7VIY,R,5,Import,A,Analyst6
part869,K76KL,R,9,Import,B,Analyst1
part870,HETPW,R,7,Import,A,Analyst4
part871,F7VIY,R,5,Import,C,Analyst4
part872,F7VIY,R,5,Import,C,Analyst2
part873,NQNBA,R,12,Import,B,Analyst9
part874,K76KL,R,9,Import,A,Analyst3
part875,NQNBA,R,12,Import,B,Analyst8
part876,HETPW,R,7,Import,B,Analyst4
part877,LKEL9,R,10,Import,A,Analyst1
part878,MCRET,R,11,Import,B,Analyst8
part879,K76KL,R,9,Import,A,Analyst10
part880,LKEL9,R,10,Import,A,Analyst4
part881,CLMVE,R,3,Local,A,Analyst5
part882,CLMVE,R,3,Local,B,Analyst6
part883,MCRET,R,11,Import,B,Analyst4
part884,NQNBA,R,12,Import,B,Analyst2
part885,NQNBA,R,12,Import,A,Analyst6
part886,MCRET,R,11,Import,C,Analyst7
part887,DMIAC,R,4,Local,B,Analyst3
part888,DMIAC,R,4,Local,C,Analyst6
part889,CLMVE,R,3,Local,A,Analyst2
part890,JUYZR,R,8,Import,C,Analyst10
part891,MCRET,R,11,Import,B,Analyst3
part892,ARTRE,R,1,Local,C,Analyst10
part893,LKEL9,R,10,Import,C,Analyst8
part894,CLMVE,R,3,Local,A,Analyst1
part895,JUYZR,R,8,Import,A,Analyst4
part896,BL1IB,R,2,Local,B,Analyst6
part897,MCRET,R,11,Import,C,Analyst10
part898,JUYZR,R,8,Import,C,Analyst3
part899,LKEL9,R,10,Import,B,Analyst7
part900,JUYZR,R,8,Import,A,Analyst3
part901,ARTRE,R,1,Local,C,Analyst5
part902,HIOLP,R,7,Import,B,Analyst1
part903,F7VIY,R,5,Import,B,Analyst2
part904,K76KL,R,9,Import,A,Analyst5
part905,MCRET,R,11,Import,B,Analyst10
part906,DZZRT,R,4,Local,A,Analyst4
part907,K76KL,R,9,Import,A,Analyst5
part908,CLMVE,R,3,Local,B,Analyst4
part909,K76KL,R,9,Import,B,Analyst9
part910,HIOLP,R,7,Import,B,Analyst6
part911,JUYZR,R,8,Import,A,Analyst6
part912,JUYZR,R,8,Import,A,Analyst10
part913,LKEL9,R,10,Import,C,Analyst7
part914,MCRET,R,11,Import,B,Analyst8
part915,MCRET,R,11,Import,C,Analyst6
part916,K76KL,R,9,Import,A,Analyst2
part917,JUYZR,R,8,Import,B,Analyst5
part918,DZZRT,R,4,Local,A,Analyst5
part919,GQQAU,R,6,Import,B,Analyst2
part920,GQQAU,R,6,Import,A,Analyst4
part921,HIOLP,R,7,Import,B,Analyst3
part922,K76KL,R,9,Import,C,Analyst3
part923,NQNBA,R,12,Import,C,Analyst4
part924,K76KL,R,9,Import,B,Analyst2
part925,NQNBA,R,12,Import,C,Analyst3
part926,CLMVE,R,3,Local,C,Analyst6
part927,MCRET,R,11,Import,B,Analyst2
part928,HIOLP,R,7,Import,A,Analyst1
part929,NQNBA,R,12,Import,B,Analyst3
part930,HIOLP,R,7,Import,C,Analyst10
part931,K76KL,R,9,Import,A,Analyst4
part932,MCRET,R,11,Import,B,Analyst6
part933,CLMVE,R,3,Local,B,Analyst1
part934,JUYZR,R,8,Import,A,Analyst4
part935,PAFUH,R,13,Import,C,Analyst6
part936,GQQAU,R,6,Import,C,Analyst1
part937,PAFUH,R,13,Import,C,Analyst4
part938,ARTRE,R,1,Local,B,Analyst4
part939,K76KL,R,9,Import,A,Analyst6
part940,JLWET,R,8,Import,A,Analyst1
part941,DZZRT,R,4,Local,A,Analyst3
part942,NQNBA,R,12,Import,B,Analyst3
part943,K76KL,R,9,Import,A,Analyst10
part944,LKEL9,R,10,Import,A,Analyst7
part945,CLMVE,R,3,Local,B,Analyst3
part946,MCRET,R,11,Import,C,Analyst8
part947,AWXCT,R,1,Local,C,Analyst5
part948,DZZRT,R,4,Local,C,Analyst1
part949,LKEL9,R,10,Import,B,Analyst5
part950,GQQAU,R,6,Import,B,Analyst2
part951,DZZRT,R,4,Local,C,Analyst8
part952,JLWET,R,8,Import,B,Analyst1
part953,KIO27,R,9,Import,A,Analyst10
part954,GQQAU,R,6,Import,B,Analyst3
part955,LKEL9,R,10,Import,A,Analyst3
part956,PAFUH,R,13,Import,B,Analyst6
part957,LKEL9,R,10,Import,C,Analyst2
part958,F7VIY,R,5,Import,C,Analyst8
part959,AWXCT,R,1,Local,C,Analyst10
part960,BL1IB,R,2,Local,C,Analyst1
part961,JLWET,R,8,Import,B,Analyst2
part962,DZZRT,R,4,Local,B,Analyst10
part963,PAFUH,R,13,Import,A,Analyst8
part964,HIOLP,R,7,Import,B,Analyst3
part965,F7VIY,R,5,Import,A,Analyst6
part966,HIOLP,R,7,Import,B,Analyst1
part967,JLWET,R,8,Import,A,Analyst6
part968,CLMVE,R,3,Local,B,Analyst5
part969,NQNBA,R,12,Import,B,Analyst5
part970,F7VIY,R,5,Import,C,Analyst10
part971,PAFUH,R,13,Import,B,Analyst3
part972,MCRET,R,11,Import,A,Analyst1
part973,MCRET,R,11,Import,C,Analyst7
part974,AWXCT,R,1,Local,B,Analyst4
part975,DZZRT,R,4,Local,A,Analyst8
part976,BL1IB,R,2,Local,C,Analyst4
part977,MCRET,R,11,Import,A,Analyst10
part978,F7VIY,R,5,Import,C,Analyst4
part979,DZZRT,R,4,Local,A,Analyst10
part980,HIOLP,R,7,Import,C,Analyst7
part981,BX1IP,R,2,Local,C,Analyst7
part982,GQQAU,R,6,Import,A,Analyst7
part983,F7VIY,R,5,Import,C,Analyst7
part984,MCRET,R,11,Import,C,Analyst6
part985,PAFUH,R,13,Import,B,Analyst4
part986,PAFUH,R,13,Import,B,Analyst2
part987,JLWET,R,8,Import,A,Analyst7
part988,MCRET,R,11,Import,A,Analyst10
part989,PAFUH,R,13,Import,A,Analyst1
part990,F7VIY,R,5,Import,B,Analyst3
part991,PAFUH,R,13,Import,A,Analyst2
part992,DZZRT,R,4,Local,C,Analyst3
part993,LKEL9,R,10,Import,C,Analyst6
part994,GQQAU,R,6,Import,A,Analyst3
part995,CLMVE,R,3,Local,C,Analyst6
part996,JLWET,R,8,Import,B,Analyst6
part997,NQNBA,R,12,Import,C,Analyst2
part998,PAFUH,R,13,Import,A,Analyst6
part999,F7VIY,R,5,Import,C,Analyst8
part1000,KLP98,R,9,Import,B,Analyst1
part1,MZZAT,P,7,Import,A,Analyst10
part2,LKEL9,P,7,Import,B,Analyst3
part3,KLP98,P,6,Import,B,Analyst5
part4,KLP98,P,6,Import,B,Analyst1
part5,PAFUH,P,9,Import,C,Analyst1
part6,HANAU,P,4,Import,A,Analyst9
part7,NYZAE,P,8,Import,C,Analyst1
part8,KZZAT,P,6,Import,B,Analyst6
part9,PAFUH,P,9,Import,C,Analyst8
part10,DCXBV,P,1,Local,B,Analyst6
part11,DCXBV,P,1,Local,A,Analyst1
part12,FI0BT,P,2,Import,C,Analyst4
part13,JNUTR,P,5,Import,C,Analyst2
part14,DCXBV,P,1,Local,C,Analyst4
part15,PAFUH,P,9,Import,A,Analyst6
part16,AXBCD,P,1,Local,A,Analyst1
part17,DCXBV,P,1,Local,C,Analyst2
part18,HANAU,P,4,Import,C,Analyst9
part19,HANAU,P,4,Import,B,Analyst6
part20,LKEL9,P,7,Import,C,Analyst10
part21,LKEL9,P,7,Import,A,Analyst2
part22,MZZAT,P,7,Import,A,Analyst3
part23,C3TIO,P,1,Local,B,Analyst3
part24,GHIZE,P,3,Import,C,Analyst2
part25,GHIZE,P,3,Import,C,Analyst7
part26,HANAU,P,4,Import,B,Analyst9
part27,BIUYT,P,1,Local,B,Analyst2
part28,MZZAT,P,7,Import,A,Analyst10
part29,PAFUH,P,9,Import,A,Analyst4
part30,MZZAT,P,7,Import,C,Analyst4
part31,DCXBV,P,1,Local,C,Analyst7
part32,NYZAE,P,8,Import,C,Analyst4
part33,NYZAE,P,8,Import,A,Analyst10
part34,GHIZE,P,3,Import,C,Analyst7
part35,KZZAT,P,6,Import,A,Analyst2
part36,GHIZE,P,3,Import,B,Analyst2
part37,BIUYT,P,1,Local,B,Analyst5
part38,C3TIO,P,1,Local,C,Analyst9
part39,PAFUH,P,9,Import,B,Analyst2
part40,JNUTR,P,5,Import,C,Analyst8
part41,NYZAE,P,8,Import,B,Analyst7
part42,AXBCD,P,1,Local,A,Analyst5
part43,DCXBV,P,1,Local,C,Analyst8
part44,LKEL9,P,7,Import,B,Analyst5
part45,LKEL9,P,7,Import,B,Analyst8
part46,PAFUH,P,9,Import,A,Analyst9
part47,FI0BT,P,2,Import,C,Analyst5
part48,MZZAT,P,7,Import,A,Analyst8
part49,GHIZE,P,3,Import,A,Analyst5
part50,AXBCD,P,1,Local,B,Analyst6
part51,PAFUH,P,9,Import,A,Analyst10
part52,GHIZE,P,3,Import,C,Analyst9
part53,BIUYT,P,1,Local,C,Analyst4
part54,BIUYT,P,1,Local,A,Analyst6
part55,GHIZE,P,3,Import,C,Analyst1
part56,C3TIO,P,1,Local,A,Analyst5
part57,C3TIO,P,1,Local,B,Analyst1
part58,FI0BT,P,2,Import,C,Analyst8
part59,NYZAE,P,8,Import,B,Analyst8
part60,LKEL9,P,7,Import,A,Analyst6
part61,PAFUH,P,9,Import,A,Analyst3
part62,BIUYT,P,1,Local,B,Analyst7
part63,NYZAE,P,8,Import,B,Analyst2
part64,JNUTR,P,5,Import,C,Analyst10
part65,GHIZE,P,3,Import,C,Analyst10
part66,GHIZE,P,3,Import,C,Analyst1
part67,DCXBV,P,1,Local,B,Analyst6
part68,DCXBV,P,1,Local,A,Analyst9
part69,AXBCD,P,1,Local,C,Analyst9
part70,CL4LO,P,1,Local,B,Analyst4
part71,DCXBV,P,1,Local,A,Analyst3
part72,BIUYT,P,1,Local,A,Analyst7
part73,FI0BT,P,2,Import,C,Analyst5
part74,MZZAT,P,7,Import,A,Analyst1
part75,PAFUH,P,9,Import,B,Analyst1
part76,MZZAT,P,7,Import,A,Analyst7
part77,BIUYT,P,1,Local,A,Analyst3
part78,BIUYT,P,1,Local,B,Analyst2
part79,GHIZE,P,3,Import,B,Analyst4
part80,DCXBV,P,1,Local,B,Analyst3
part81,KZZAT,P,6,Import,C,Analyst3
part82,KZZAT,P,6,Import,B,Analyst7
part83,AXBCD,P,1,Local,C,Analyst6
part84,NYZAE,P,8,Import,B,Analyst7
part85,NYZAE,P,8,Import,C,Analyst10
part86,NYZAE,P,8,Import,A,Analyst4
part87,LZZAA,P,7,Import,C,Analyst4
part88,DCXBV,P,1,Local,C,Analyst2
part89,CL4LO,P,1,Local,B,Analyst9
part90,GHIZE,P,3,Import,C,Analyst3
part91,GHIZE,P,3,Import,A,Analyst5
part92,AXBCD,P,1,Local,C,Analyst4
part93,DCOIV,P,1,Local,A,Analyst8
part94,FI0BT,P,2,Import,A,Analyst2
part95,CL4LO,P,1,Local,C,Analyst5
part96,AXBCD,P,1,Local,B,Analyst1
part97,GHIZE,P,3,Import,A,Analyst4
part98,NYZAE,P,8,Import,A,Analyst10
part99,NYZAE,P,8,Import,B,Analyst10
part100,FI0BT,P,2,Import,C,Analyst7
part101,CL4LO,P,1,Local,A,Analyst7
part102,LZZAA,P,7,Import,A,Analyst10
part103,NYZAE,P,8,Import,B,Analyst2
part104,CL4LO,P,1,Local,B,Analyst2
part105,LZZAA,P,7,Import,B,Analyst4
part106,HANAU,P,4,Import,A,Analyst6
part107,HANAU,P,4,Import,B,Analyst1
part108,AXBCD,P,1,Local,B,Analyst7
part109,AXBCD,P,1,Local,C,Analyst7
part110,DCOIV,P,1,Local,C,Analyst8
part111,FI0BT,P,2,Import,C,Analyst9
part112,LZZAA,P,7,Import,C,Analyst5
part113,PAFUH,P,9,Import,B,Analyst8
part114,HANAU,P,4,Import,A,Analyst7
part115,PAFUH,P,9,Import,B,Analyst1
part116,KZZAT,P,6,Import,C,Analyst5
part117,LZZAA,P,7,Import,A,Analyst3
part118,FI0BT,P,2,Import,A,Analyst1
part119,GHIZE,P,3,Import,B,Analyst9
part120,BIUYT,P,1,Local,C,Analyst9
part121,MZZAT,P,7,Import,A,Analyst6
part122,JNUTR,P,5,Import,C,Analyst1
part123,DCOIV,P,1,Local,C,Analyst1
part124,KZZAT,P,6,Import,B,Analyst6
part125,FI0BT,P,2,Import,C,Analyst2
part126,KZZAT,P,6,Import,C,Analyst9
part127,NYZAE,P,8,Import,C,Analyst1
part128,AXBCD,P,1,Local,B,Analyst8
part129,HANAU,P,4,Import,A,Analyst3
part130,JNUTR,P,5,Import,C,Analyst2
part131,DCOIV,P,1,Local,C,Analyst5
part132,NYZAE,P,8,Import,B,Analyst7
part133,LZZAA,P,7,Import,C,Analyst2
part134,CL4LO,P,1,Local,B,Analyst7
part135,AXBCD,P,1,Local,C,Analyst7
part136,KZZAT,P,6,Import,C,Analyst4
part137,AXBCD,P,1,Local,C,Analyst10
part138,NYZAE,P,8,Import,C,Analyst10
part139,KZZAT,P,6,Import,A,Analyst9
part140,KZZAT,P,6,Import,C,Analyst8
part141,MZZAT,P,7,Import,A,Analyst2
part142,JNUTR,P,5,Import,A,Analyst6
part143,BIUYT,P,1,Local,C,Analyst7
part144,HANAU,P,4,Import,A,Analyst1
part145,NOTYR,P,8,Import,B,Analyst5
part146,NOTYR,P,8,Import,B,Analyst9
part147,BIUYT,P,1,Local,C,Analyst1
part148,FI0BT,P,2,Import,A,Analyst10
part149,MZZAT,P,7,Import,B,Analyst6
part150,GHIZE,P,3,Import,B,Analyst1
part151,KZZAT,P,6,Import,B,Analyst5
part152,AYZDC,P,1,Local,A,Analyst7
part153,NOTYR,P,8,Import,C,Analyst3
part154,FI0BT,P,2,Import,C,Analyst2
part155,GHIZE,P,3,Import,B,Analyst9
part156,LZZAA,P,7,Import,C,Analyst1
part157,KZZAT,P,6,Import,B,Analyst7
part158,KZZAT,P,6,Import,B,Analyst6
part159,MZZAT,P,7,Import,B,Analyst9
part160,MZZAT,P,7,Import,A,Analyst10
part161,GHIZE,P,3,Import,A,Analyst4
part162,HNZZO,P,4,Import,B,Analyst9
part163,JNUTR,P,5,Import,A,Analyst3
part164,HNZZO,P,4,Import,B,Analyst3
part165,KZZAT,P,6,Import,B,Analyst1
part166,FI0BT,P,2,Import,A,Analyst3
part167,AYZDC,P,1,Local,C,Analyst7
part168,DCOIV,P,1,Local,C,Analyst9
part169,KZZAT,P,6,Import,B,Analyst6
part170,AYZDC,P,1,Local,C,Analyst10
part171,MQWAT,P,7,Import,C,Analyst5
part172,BIUYT,P,1,Local,C,Analyst10
part173,GHIZE,P,3,Import,C,Analyst3
part174,CL4LO,P,1,Local,A,Analyst5
part175,CL4LO,P,1,Local,A,Analyst10
part176,DCOIV,P,1,Local,B,Analyst9
part177,MQWAT,P,7,Import,A,Analyst8
part178,HNZZO,P,4,Import,B,Analyst1
part179,NOTYR,P,8,Import,B,Analyst7
part180,GHIZE,P,3,Import,A,Analyst8
part181,JNUTR,P,5,Import,B,Analyst8
part182,AYZDC,P,1,Local,A,Analyst8
part183,AYZDC,P,1,Local,B,Analyst3
part184,AYZDC,P,1,Local,C,Analyst9
part185,AYZDC,P,1,Local,C,Analyst7
part186,AYZDC,P,1,Local,C,Analyst4
part187,AYZDC,P,1,Local,B,Analyst8
part188,NOTYR,P,8,Import,B,Analyst1
part189,CL4LO,P,1,Local,C,Analyst8
part190,MQWAT,P,7,Import,B,Analyst9
part191,PAFUH,P,9,Import,A,Analyst6
part192,JNUTR,P,5,Import,A,Analyst4
part193,LZZAA,P,7,Import,B,Analyst1
part194,LZZAA,P,7,Import,B,Analyst8
part195,JNUTR,P,5,Import,C,Analyst10
part196,NOTYR,P,8,Import,C,Analyst5
part197,PAFUH,P,9,Import,A,Analyst2
part198,JNUTR,P,5,Import,A,Analyst10
part199,HNZZO,P,4,Import,A,Analyst2
part200,NOTYR,P,8,Import,C,Analyst5
part201,MQWAT,P,7,Import,C,Analyst1
part202,FI0BT,P,2,Import,A,Analyst7
part203,HNZZO,P,4,Import,B,Analyst1
part204,HNZZO,P,4,Import,B,Analyst6
part205,AYZDC,P,1,Local,B,Analyst4
part206,KQQYT,P,6,Import,A,Analyst5
part207,HNZZO,P,4,Import,B,Analyst2
part208,NOTYR,P,8,Import,A,Analyst3
part209,KQQYT,P,6,Import,A,Analyst9
part210,GHIZE,P,3,Import,B,Analyst3
part211,LZZAA,P,7,Import,A,Analyst6
part212,LZZAA,P,7,Import,A,Analyst4
part213,HNZZO,P,4,Import,B,Analyst5
part214,PAFUH,P,9,Import,B,Analyst8
part215,AYZDC,P,1,Local,C,Analyst10
part216,FI0BT,P,2,Import,B,Analyst8
part217,MQWAT,P,7,Import,B,Analyst8
part218,JNUTR,P,5,Import,A,Analyst9
part219,JNUTR,P,5,Import,B,Analyst9
part220,HPUDZ,P,4,Import,A,Analyst3
part221,NOTYR,P,8,Import,C,Analyst9
part222,PAFUH,P,9,Import,A,Analyst5
part223,NOTYR,P,8,Import,B,Analyst10
part224,CL4LO,P,1,Local,A,Analyst5
part225,NOTYR,P,8,Import,C,Analyst10
part226,FI0BT,P,2,Import,A,Analyst1
part227,FI0BT,P,2,Import,A,Analyst4
part228,MQWAT,P,7,Import,A,Analyst5
part229,CL4LO,P,1,Local,A,Analyst5
part230,CL4LO,P,1,Local,A,Analyst10
part231,GYUTE,P,3,Import,C,Analyst6
part232,NOTYR,P,8,Import,B,Analyst1
part233,CL4LO,P,1,Local,A,Analyst4
part234,AYZDC,P,1,Local,A,Analyst5
part235,CIAO1,P,1,Local,B,Analyst6
part236,LZZAA,P,7,Import,B,Analyst7
part237,DCOIV,P,1,Local,C,Analyst3
part238,FI0BT,P,2,Import,C,Analyst1
part239,KQQYT,P,6,Import,C,Analyst4
part240,AYZDC,P,1,Local,B,Analyst1
part241,NOTYR,P,8,Import,C,Analyst3
part242,NPTWE,P,8,Import,A,Analyst10
part243,KQQYT,P,6,Import,A,Analyst1
part244,JNUTR,P,5,Import,A,Analyst2
part245,NPTWE,P,8,Import,C,Analyst1
part246,BIUYT,P,1,Local,B,Analyst3
part247,PAFUH,P,9,Import,C,Analyst1
part248,LZZAA,P,7,Import,C,Analyst4
part249,MQWAT,P,7,Import,A,Analyst9
part250,FZTYR,P,2,Import,C,Analyst9
part251,DCOIV,P,1,Local,C,Analyst5
part252,FZTYR,P,2,Import,C,Analyst10
part253,KQQYT,P,6,Import,A,Analyst5
part254,PAFUH,P,9,Import,C,Analyst6
part255,DCOIV,P,1,Local,C,Analyst10
part256,NPTWE,P,8,Import,A,Analyst6
part257,KQQYT,P,6,Import,A,Analyst7
part258,CIAO1,P,1,Local,B,Analyst1
part259,JNUTR,P,5,Import,B,Analyst8
part260,DCOIV,P,1,Local,B,Analyst1
part261,AZDCF,P,1,Local,A,Analyst6
part262,PAFUH,P,9,Import,B,Analyst2
part263,BIUYT,P,1,Local,C,Analyst4
part264,MQWAT,P,7,Import,C,Analyst1
part265,BIUYT,P,1,Local,B,Analyst4
part266,MQWAT,P,7,Import,C,Analyst9
part267,NPTWE,P,8,Import,B,Analyst7
part268,FZTYR,P,2,Import,B,Analyst4
part269,PAFUH,P,9,Import,B,Analyst7
part270,JNUTR,P,5,Import,B,Analyst8
part271,NPTWE,P,8,Import,A,Analyst4
part272,LZZAA,P,7,Import,C,Analyst7
part273,FZTYR,P,2,Import,A,Analyst1
part274,KQQYT,P,6,Import,C,Analyst4
part275,MQWAT,P,7,Import,B,Analyst10
part276,HPUDZ,P,4,Import,A,Analyst9
part277,AZDCF,P,1,Local,A,Analyst3
part278,PAFUH,P,9,Import,A,Analyst5
part279,PAFUH,P,9,Import,A,Analyst1
part280,LZZAA,P,7,Import,A,Analyst8
part281,FZTYR,P,2,Import,C,Analyst6
part282,BIUYT,P,1,Local,C,Analyst1
part283,MQWAT,P,7,Import,B,Analyst8
part284,CIAO1,P,1,Local,C,Analyst4
part285,LZZAA,P,7,Import,B,Analyst9
part286,NPTWE,P,8,Import,A,Analyst8
part287,KQQYT,P,6,Import,C,Analyst10
part288,MQWAT,P,7,Import,A,Analyst7
part289,BIUYT,P,1,Local,B,Analyst8
part290,D19HU,P,1,Local,B,Analyst2
part291,MQWAT,P,7,Import,B,Analyst3
part292,LZZAA,P,7,Import,B,Analyst2
part293,HPUDZ,P,4,Import,C,Analyst6
part294,NPTWE,P,8,Import,A,Analyst9
part295,GYUTE,P,3,Import,A,Analyst5
part296,LZZAA,P,7,Import,B,Analyst3
part297,GYUTE,P,3,Import,B,Analyst1
part298,KQQYT,P,6,Import,C,Analyst8
part299,KQQYT,P,6,Import,A,Analyst10
part300,HPUDZ,P,4,Import,C,Analyst6
part301,NI763,P,8,Import,A,Analyst4
part302,PAFUH,P,9,Import,B,Analyst2
part303,MQWAT,P,7,Import,C,Analyst6
part304,JNUTR,P,5,Import,A,Analyst7
part305,AZDCF,P,1,Local,A,Analyst7
part306,CIAO1,P,1,Local,A,Analyst10
part307,FZTYR,P,2,Import,B,Analyst6
part308,D19HU,P,1,Local,C,Analyst7
part309,GYUTE,P,3,Import,A,Analyst7
part310,FZTYR,P,2,Import,C,Analyst7
part311,HPUDZ,P,4,Import,C,Analyst2
part312,GYUTE,P,3,Import,A,Analyst7
part313,FZTYR,P,2,Import,A,Analyst2
part314,AZDCF,P,1,Local,C,Analyst5
part315,PAFUH,P,9,Import,C,Analyst2
part316,PAFUH,P,9,Import,B,Analyst5
part317,LZZAA,P,7,Import,B,Analyst8
part318,CIAO1,P,1,Local,A,Analyst3
part319,D19HU,P,1,Local,A,Analyst8
part320,AZDCF,P,1,Local,B,Analyst4
part321,FZTYR,P,2,Import,C,Analyst10
part322,D19HU,P,1,Local,A,Analyst8
part323,LZZAA,P,7,Import,B,Analyst1
part324,JNUTR,P,5,Import,C,Analyst2
part325,D19HU,P,1,Local,C,Analyst9
part326,CIAO1,P,1,Local,C,Analyst6
part327,NI763,P,8,Import,B,Analyst8
part328,GYTEU,P,3,Import,C,Analyst9
part329,BIPIU,P,1,Local,C,Analyst7
part330,LZZAA,P,7,Import,C,Analyst8
part331,CIAO1,P,1,Local,A,Analyst3
part332,NI763,P,8,Import,C,Analyst7
part333,HPUDZ,P,4,Import,A,Analyst9
part334,AZDCF,P,1,Local,C,Analyst2
part335,GYTEU,P,3,Import,A,Analyst2
part336,KQQYT,P,6,Import,C,Analyst6
part337,HPUDZ,P,4,Import,A,Analyst9
part338,GYTEU,P,3,Import,A,Analyst4
part339,GYTEU,P,3,Import,B,Analyst8
part340,MQWAT,P,7,Import,A,Analyst1
part341,AZDCF,P,1,Local,C,Analyst4
part342,BIPIU,P,1,Local,C,Analyst3
part343,JNUTR,P,5,Import,B,Analyst8
part344,KQQYT,P,6,Import,A,Analyst10
part345,LZZAA,P,7,Import,B,Analyst10
part346,NI763,P,8,Import,B,Analyst5
part347,FZTYR,P,2,Import,A,Analyst1
part348,NI763,P,8,Import,A,Analyst7
part349,F89YR,P,2,Import,A,Analyst2
part350,BIPIU,P,1,Local,A,Analyst8
part351,NI763,P,8,Import,C,Analyst1
part352,CIAO1,P,1,Local,A,Analyst2
part353,F31ZR,P,2,Import,B,Analyst9
part354,F31ZR,P,2,Import,B,Analyst7
part355,D19HU,P,1,Local,C,Analyst7
part356,CIAO1,P,1,Local,A,Analyst6
part357,KQQYT,P,6,Import,C,Analyst9
part358,LZZAA,P,7,Import,C,Analyst6
part359,PAFUH,P,9,Import,A,Analyst9
part360,KQQYT,P,6,Import,C,Analyst7
part361,JNUTR,P,5,Import,B,Analyst1
part362,AZDCF,P,1,Local,A,Analyst2
part363,MQWAT,P,7,Import,C,Analyst9
part364,D19HU,P,1,Local,C,Analyst8
part365,JNUTR,P,5,Import,C,Analyst6
part366,D19HU,P,1,Local,B,Analyst4
part367,HPUDZ,P,4,Import,C,Analyst6
part368,LZZAA,P,7,Import,B,Analyst5
part369,AZDCF,P,1,Local,A,Analyst7
part370,F31ZR,P,2,Import,B,Analyst8
part371,LZZAA,P,7,Import,A,Analyst5
part372,GYTEU,P,3,Import,A,Analyst4
part373,NI763,P,8,Import,C,Analyst7
part374,MAU75,P,7,Import,B,Analyst5
part375,JNUTR,P,5,Import,A,Analyst3
part376,LZZAA,P,7,Import,A,Analyst7
part377,NI763,P,8,Import,C,Analyst9
part378,JNUTR,P,5,Import,A,Analyst2
part379,F31ZR,P,2,Import,C,Analyst7
part380,AZDCF,P,1,Local,A,Analyst10
part381,PAFUH,P,9,Import,B,Analyst4
part382,MAU75,P,7,Import,C,Analyst7
part383,AZDCF,P,1,Local,C,Analyst1
part384,D19HU,P,1,Local,C,Analyst10
part385,MAU75,P,7,Import,A,Analyst1
part386,MAU75,P,7,Import,C,Analyst5
part387,BIPIU,P,1,Local,A,Analyst2
part388,F31ZR,P,2,Import,C,Analyst8
part389,JNUTR,P,5,Import,A,Analyst2
part390,MAU75,P,7,Import,B,Analyst8
part391,LZZAA,P,7,Import,A,Analyst3
part392,GYTEU,P,3,Import,C,Analyst9
part393,JNUTR,P,5,Import,B,Analyst2
part394,NI763,P,8,Import,A,Analyst7
part395,F31ZR,P,2,Import,C,Analyst8
part396,F31ZR,P,2,Import,C,Analyst7
part397,MAU75,P,7,Import,A,Analyst8
part398,KQQYT,P,6,Import,A,Analyst10
part399,D19HU,P,1,Local,B,Analyst2
part400,F31ZR,P,2,Import,C,Analyst2
part401,LZZAA,P,7,Import,A,Analyst3
part402,HPUDZ,P,4,Import,A,Analyst7
part403,D19HU,P,1,Local,C,Analyst8
part404,GY23U,P,3,Import,B,Analyst5
part405,JNUTR,P,5,Import,B,Analyst9
part406,NI763,P,8,Import,B,Analyst2
part407,F31ZR,P,2,Import,B,Analyst10
part408,BIPIU,P,1,Local,B,Analyst5
part409,KQQYT,P,6,Import,B,Analyst9
part410,AZDCF,P,1,Local,C,Analyst5
part411,HPUDZ,P,4,Import,A,Analyst2
part412,CWVXB,P,1,Local,B,Analyst1
part413,G6F3U,P,3,Import,A,Analyst8
part414,PAFUH,P,9,Import,A,Analyst5
part415,CWVXB,P,1,Local,A,Analyst7
part416,MAU75,P,7,Import,C,Analyst1
part417,LZZAA,P,7,Import,C,Analyst5
part418,KQQYT,P,6,Import,C,Analyst10
part419,LYUI5,P,7,Import,C,Analyst3
part420,JNUTR,P,5,Import,A,Analyst7
part421,HPUDZ,P,4,Import,C,Analyst9
part422,BIPIU,P,1,Local,A,Analyst5
part423,MAU75,P,7,Import,A,Analyst8
part424,G6FNU,P,3,Import,B,Analyst5
part425,NI763,P,8,Import,B,Analyst6
part426,BIPIU,P,1,Local,C,Analyst7
part427,F31ZR,P,2,Import,B,Analyst3
part428,HPUDZ,P,4,Import,B,Analyst2
part429,LYUI5,P,7,Import,A,Analyst4
part430,AZDCF,P,1,Local,C,Analyst8
part431,CWVXB,P,1,Local,B,Analyst10
part432,CWVXB,P,1,Local,C,Analyst8
part433,CWVXB,P,1,Local,A,Analyst9
part434,CWVXB,P,1,Local,A,Analyst9
part435,G6FNU,P,3,Import,A,Analyst3
part436,NI763,P,8,Import,C,Analyst1
part437,HPUDZ,P,4,Import,A,Analyst6
part438,F31ZR,P,2,Import,B,Analyst1
part439,D19HU,P,1,Local,C,Analyst8
part440,CWVXB,P,1,Local,B,Analyst8
part441,MAU75,P,7,Import,A,Analyst7
part442,HPUDZ,P,4,Import,C,Analyst2
part443,LYUI5,P,7,Import,B,Analyst5
part444,CWETV,P,1,Local,A,Analyst9
part445,LYUI5,P,7,Import,C,Analyst6
part446,G6FNU,P,3,Import,B,Analyst10
part447,KQQYT,P,6,Import,A,Analyst3
part448,JNUTR,P,5,Import,A,Analyst7
part449,NI763,P,8,Import,A,Analyst4
part450,D19HU,P,1,Local,A,Analyst1
part451,G6FNU,P,3,Import,C,Analyst3
part452,G6FNU,P,3,Import,A,Analyst6
part453,F31ZR,P,2,Import,A,Analyst7
part454,JNUTR,P,5,Import,A,Analyst8
part455,F31ZR,P,2,Import,A,Analyst5
part456,BWIOP,P,1,Local,B,Analyst6
part457,G6FNU,P,3,Import,B,Analyst5
part458,BWIOP,P,1,Local,A,Analyst2
part459,F31ZR,P,2,Import,B,Analyst9
part460,G6FNU,P,3,Import,A,Analyst1
part461,PAFUH,P,9,Import,C,Analyst3
part462,MAU75,P,7,Import,C,Analyst1
part463,AZDCF,P,1,Local,B,Analyst7
part464,F31ZR,P,2,Import,C,Analyst10
part465,NI763,P,8,Import,A,Analyst7
part466,LYUI5,P,7,Import,B,Analyst6
part467,AUDUC,P,1,Local,B,Analyst5
part468,HPUDZ,P,4,Import,A,Analyst10
part469,AUDUC,P,1,Local,C,Analyst9
part470,AUDUC,P,1,Local,C,Analyst9
part471,PAFUH,P,9,Import,A,Analyst6
part472,PAFUH,P,9,Import,A,Analyst9
part473,NI763,P,8,Import,A,Analyst10
part474,AUDUC,P,1,Local,C,Analyst1
part475,MAU75,P,7,Import,B,Analyst10
part476,AUDUC,P,1,Local,B,Analyst6
part477,HPUDZ,P,4,Import,A,Analyst3
part478,LYUI5,P,7,Import,C,Analyst4
part479,MAU75,P,7,Import,C,Analyst6
part480,LYUI5,P,7,Import,A,Analyst4
part481,LYUI5,P,7,Import,B,Analyst10
part482,LYUI5,P,7,Import,C,Analyst9
part483,D19HU,P,1,Local,A,Analyst9
part484,NI763,P,8,Import,A,Analyst4
part485,LYUI5,P,7,Import,A,Analyst6
part486,CWETV,P,1,Local,A,Analyst6
part487,AUDUC,P,1,Local,C,Analyst1
part488,FOITR,P,2,Import,C,Analyst4
part489,JNUTR,P,5,Import,C,Analyst10
part490,D19HU,P,1,Local,C,Analyst3
part491,G6FNU,P,3,Import,C,Analyst2
part492,HETPW,P,4,Import,A,Analyst2
part493,NI763,P,8,Import,B,Analyst5
part494,PAFUH,P,9,Import,B,Analyst8
part495,G6FNU,P,3,Import,B,Analyst9
part496,FOITR,P,2,Import,A,Analyst1
part497,FOITR,P,2,Import,B,Analyst6
part498,NI763,P,8,Import,B,Analyst4
part499,LYUI5,P,7,Import,C,Analyst8
part500,PAFUH,P,9,Import,B,Analyst2
part501,D19HU,P,1,Local,C,Analyst7
part502,AUDUC,P,1,Local,A,Analyst2
part503,CWETV,P,1,Local,C,Analyst6
part504,KQQYT,P,6,Import,B,Analyst2
part505,BWIOP,P,1,Local,A,Analyst2
part506,LYUI5,P,7,Import,A,Analyst8
part507,PAFUH,P,9,Import,B,Analyst8
part508,NI763,P,8,Import,C,Analyst9
part509,GYZZZ,P,3,Import,B,Analyst4
part510,D19HU,P,1,Local,C,Analyst3
part511,PAFUH,P,9,Import,C,Analyst4
part512,LYUI5,P,7,Import,C,Analyst9
part513,AUDUC,P,1,Local,B,Analyst9
part514,LYUI5,P,7,Import,B,Analyst1
part515,KQQYT,P,6,Import,B,Analyst9
part516,JNUTR,P,5,Import,B,Analyst3
part517,FOITR,P,2,Import,C,Analyst7
part518,CW9VT,P,1,Local,C,Analyst1
part519,MAU75,P,7,Import,A,Analyst8
part520,AUDUC,P,1,Local,A,Analyst5
part521,MAU75,P,7,Import,C,Analyst7
part522,MIO43,P,7,Import,A,Analyst6
part523,CW9VT,P,1,Local,B,Analyst2
part524,FQITR,P,2,Import,B,Analyst9
part525,CW9VT,P,1,Local,B,Analyst5
part526,NI763,P,8,Import,A,Analyst5
part527,JOPZZ,P,5,Import,B,Analyst10
part528,JOPZZ,P,5,Import,C,Analyst7
part529,KPOTR,P,6,Import,A,Analyst1
part530,GYZZZ,P,3,Import,C,Analyst5
part531,LQE45,P,7,Import,A,Analyst8
part532,PAFUH,P,9,Import,B,Analyst6
part533,D19HU,P,1,Local,B,Analyst8
part534,D19HU,P,1,Local,C,Analyst6
part535,HETPW,P,4,Import,B,Analyst4
part536,BWIOP,P,1,Local,A,Analyst4
part537,KPOTR,P,6,Import,A,Analyst10
part538,PAFUH,P,9,Import,C,Analyst8
part539,NI763,P,8,Import,B,Analyst10
part540,JOPZZ,P,5,Import,C,Analyst10
part541,FQITR,P,2,Import,A,Analyst4
part542,GYZZZ,P,3,Import,C,Analyst4
part543,FQITR,P,2,Import,A,Analyst10
part544,KPOTR,P,6,Import,B,Analyst3
part545,D19HU,P,1,Local,B,Analyst2
part546,CW9VT,P,1,Local,C,Analyst8
part547,MIO43,P,7,Import,C,Analyst5
part548,CW9VT,P,1,Local,C,Analyst2
part549,GYZZZ,P,3,Import,B,Analyst7
part550,AUDUC,P,1,Local,A,Analyst5
part551,PAFUH,P,9,Import,B,Analyst3
part552,PAFUH,P,9,Import,C,Analyst1
part553,HETPW,P,4,Import,A,Analyst3
part554,AUDUC,P,1,Local,A,Analyst2
part555,JOPZZ,P,5,Import,B,Analyst7
part556,HETPW,P,4,Import,B,Analyst8
part557,KPOTR,P,6,Import,B,Analyst8
part558,PAFUH,P,9,Import,B,Analyst8
part559,JOPZZ,P,5,Import,A,Analyst2
part560,HETPW,P,4,Import,B,Analyst3
part561,NI763,P,8,Import,B,Analyst9
part562,CW9VT,P,1,Local,A,Analyst5
part563,GYZZZ,P,3,Import,C,Analyst8
part564,AUDUC,P,1,Local,A,Analyst5
part565,KPOTR,P,6,Import,A,Analyst9
part566,JOPZZ,P,5,Import,B,Analyst5
part567,PAFUH,P,9,Import,B,Analyst5
part568,JOPZZ,P,5,Import,C,Analyst6
part569,LKEL9,P,7,Import,A,Analyst5
part570,NI763,P,8,Import,A,Analyst5
part571,KPOTR,P,6,Import,A,Analyst3
part572,FQITR,P,2,Import,B,Analyst1
part573,D19HU,P,1,Local,C,Analyst1
part574,KPOTR,P,6,Import,B,Analyst7
part575,LKEL9,P,7,Import,B,Analyst4
part576,AUDUC,P,1,Local,C,Analyst1
part577,GYYAA,P,3,Import,A,Analyst6
part578,D19HU,P,1,Local,A,Analyst3
part579,KPOTR,P,6,Import,B,Analyst10
part580,PAFUH,P,9,Import,B,Analyst8
part581,BWIOP,P,1,Local,A,Analyst4
part582,AUDUC,P,1,Local,A,Analyst5
part583,BWIOP,P,1,Local,A,Analyst4
part584,HETPW,P,4,Import,C,Analyst5
part585,LKEL9,P,7,Import,A,Analyst9
part586,KPOTR,P,6,Import,A,Analyst9
part587,GYYAA,P,3,Import,C,Analyst7
part588,KPOTR,P,6,Import,A,Analyst5
part589,BWIOP,P,1,Local,B,Analyst10
part590,BWIOP,P,1,Local,C,Analyst10
part591,JOPZZ,P,5,Import,B,Analyst8
part592,PAFUH,P,9,Import,A,Analyst10
part593,D19HU,P,1,Local,B,Analyst9
part594,PAFUH,P,9,Import,C,Analyst3
part595,KPOTR,P,6,Import,C,Analyst3
part596,GYYAA,P,3,Import,A,Analyst1
part597,BWIOP,P,1,Local,B,Analyst6
part598,NI763,P,8,Import,A,Analyst7
part599,NI763,P,8,Import,B,Analyst5
part600,HETPW,P,4,Import,C,Analyst8
part601,JOPZZ,P,5,Import,C,Analyst10
part602,CW9VT,P,1,Local,B,Analyst10
part603,GYYAA,P,3,Import,A,Analyst1
part604,BWILP,P,1,Local,B,Analyst7
part605,FQITR,P,2,Import,C,Analyst8
part606,FQI97,P,2,Import,A,Analyst9
part607,AUDUC,P,1,Local,B,Analyst10
part608,BWILP,P,1,Local,B,Analyst6
part609,BWILP,P,1,Local,B,Analyst5
part610,PAFUH,P,9,Import,C,Analyst7
part611,GYYAA,P,3,Import,B,Analyst1
part612,KPOTR,P,6,Import,B,Analyst3
part613,MIO43,P,7,Import,A,Analyst3
part614,LKEL9,P,7,Import,A,Analyst4
part615,HETPW,P,4,Import,B,Analyst5
part616,FQI97,P,2,Import,B,Analyst1
part617,HETPW,P,4,Import,A,Analyst7
part618,AUDUC,P,1,Local,B,Analyst1
part619,AUDUC,P,1,Local,C,Analyst8
part620,LKEL9,P,7,Import,B,Analyst1
part621,LKEL9,P,7,Import,C,Analyst5
part622,BWILP,P,1,Local,B,Analyst1
part623,GYYAA,P,3,Import,B,Analyst1
part624,CW9VT,P,1,Local,A,Analyst4
part625,CW9VT,P,1,Local,A,Analyst1
part626,D19HU,P,1,Local,A,Analyst5
part627,JOPZZ,P,5,Import,A,Analyst10
part628,AUDUC,P,1,Local,A,Analyst2
part629,LKEL9,P,7,Import,B,Analyst2
part630,BWILP,P,1,Local,C,Analyst4
part631,JOPZZ,P,5,Import,C,Analyst8
part632,FQI97,P,2,Import,B,Analyst2
part633,JOPZZ,P,5,Import,B,Analyst3
part634,LKEL9,P,7,Import,C,Analyst2
part635,KPOTR,P,6,Import,C,Analyst1
part636,JOPZZ,P,5,Import,B,Analyst8
part637,NI763,P,8,Import,C,Analyst3
part638,GYYAA,P,3,Import,A,Analyst5
part639,BWILP,P,1,Local,C,Analyst4
part640,KPOTR,P,6,Import,B,Analyst2
part641,BWILP,P,1,Local,B,Analyst3
part642,GYYAA,P,3,Import,A,Analyst2
part643,HETPW,P,4,Import,C,Analyst10
part644,JOPZZ,P,5,Import,C,Analyst4
part645,GYYAA,P,3,Import,B,Analyst5
part646,FQI97,P,2,Import,C,Analyst4
part647,PAFUH,P,9,Import,A,Analyst3
part648,MIO43,P,7,Import,B,Analyst4
part649,LKEL9,P,7,Import,C,Analyst4
part650,D19HU,P,1,Local,A,Analyst3
part651,LKEL9,P,7,Import,B,Analyst7
part652,FQI97,P,2,Import,C,Analyst8
part653,BLWIA,P,1,Local,A,Analyst7
part654,HETPW,P,4,Import,A,Analyst5
part655,KPOTR,P,6,Import,C,Analyst1
part656,D19HU,P,1,Local,A,Analyst3
part657,NI763,P,8,Import,A,Analyst1
part658,CW9VT,P,1,Local,A,Analyst10
part659,CW9VT,P,1,Local,C,Analyst4
part660,MIO43,P,7,Import,A,Analyst10
part661,ARTRE,P,1,Local,C,Analyst5
part662,ARTRE,P,1,Local,A,Analyst9
part663,JOPZZ,P,5,Import,A,Analyst2
part664,GYYAA,P,3,Import,C,Analyst5
part665,DMIAC,P,1,Local,B,Analyst3
part666,DMIAC,P,1,Local,B,Analyst8
part667,NI763,P,8,Import,B,Analyst8
part668,CW9VT,P,1,Local,A,Analyst3
part669,ARTRE,P,1,Local,A,Analyst8
part670,NI763,P,8,Import,B,Analyst6
part671,GYYAA,P,3,Import,B,Analyst3
part672,NI763,P,8,Import,C,Analyst7
part673,DMIAC,P,1,Local,A,Analyst1
part674,LKEL9,P,7,Import,A,Analyst2
part675,CW9VT,P,1,Local,A,Analyst1
part676,FQNQ7,P,2,Import,C,Analyst1
part677,ARTRE,P,1,Local,B,Analyst10
part678,NQNBA,P,8,Import,C,Analyst6
part679,LKEL9,P,7,Import,B,Analyst3
part680,FQNQ7,P,2,Import,A,Analyst2
part681,GYYAA,P,3,Import,B,Analyst10
part682,ARTRE,P,1,Local,C,Analyst3
part683,GYYAA,P,3,Import,A,Analyst10
part684,GYYAA,P,3,Import,A,Analyst7
part685,CW9VT,P,1,Local,C,Analyst8
part686,HETPW,P,4,Import,A,Analyst4
part687,GYYAA,P,3,Import,B,Analyst2
part688,NQNBA,P,8,Import,A,Analyst10
part689,ARTRE,P,1,Local,A,Analyst1
part690,FQNQ7,P,2,Import,C,Analyst10
part691,JOPZZ,P,5,Import,B,Analyst1
part692,JOPZZ,P,5,Import,A,Analyst9
part693,ARTRE,P,1,Local,C,Analyst7
part694,GYYAA,P,3,Import,A,Analyst2
part695,LKEL9,P,7,Import,A,Analyst3
part696,HETPW,P,4,Import,B,Analyst5
part697,DMIAC,P,1,Local,A,Analyst7
part698,LKEL9,P,7,Import,B,Analyst10
part699,CW9VT,P,1,Local,C,Analyst10
part700,ARTRE,P,1,Local,C,Analyst5
part701,JUYZR,P,5,Import,B,Analyst5
part702,BLWIB,P,1,Local,B,Analyst2
part703,CW9VT,P,1,Local,B,Analyst5
part704,LKEL9,P,7,Import,B,Analyst3
part705,GQQAU,P,3,Import,C,Analyst9
part706,MIO43,P,7,Import,B,Analyst2
part707,GQQAU,P,3,Import,C,Analyst8
part708,NQNBA,P,8,Import,C,Analyst2
part709,CW9VT,P,1,Local,A,Analyst2
part710,KPOTR,P,6,Import,B,Analyst6
part711,LKEL9,P,7,Import,B,Analyst3
part712,K76KL,P,6,Import,A,Analyst7
part713,FQNQ7,P,2,Import,C,Analyst8
part714,ARTRE,P,1,Local,A,Analyst3
part715,LKEL9,P,7,Import,C,Analyst2
part716,K76KL,P,6,Import,A,Analyst1
part717,PAFUH,P,9,Import,C,Analyst3
part718,FQNQ7,P,2,Import,A,Analyst5
part719,LKEL9,P,7,Import,A,Analyst2
part720,LKEL9,P,7,Import,B,Analyst4
part721,HETPW,P,4,Import,B,Analyst10
part722,JUYZR,P,5,Import,B,Analyst9
part723,DMIAC,P,1,Local,C,Analyst8
part724,K76KL,P,6,Import,C,Analyst2
part725,HETPW,P,4,Import,B,Analyst6
part726,PAFUH,P,9,Import,C,Analyst6
part727,FINY7,P,2,Import,B,Analyst5
part728,MIO43,P,7,Import,B,Analyst2
part729,PAFUH,P,9,Import,C,Analyst1
part730,CZTYU,P,1,Local,A,Analyst8
part731,FINY7,P,2,Import,A,Analyst9
part732,BLWIB,P,1,Local,A,Analyst6
part733,PAFUH,P,9,Import,A,Analyst6
part734,PAFUH,P,9,Import,C,Analyst1
part735,GQQAU,P,3,Import,C,Analyst9
part736,DMIAC,P,1,Local,A,Analyst3
part737,DMIAC,P,1,Local,B,Analyst4
part738,DMIAC,P,1,Local,B,Analyst6
part739,MIO43,P,7,Import,C,Analyst8
part740,CZTYU,P,1,Local,A,Analyst8
part741,GQQAU,P,3,Import,C,Analyst4
part742,HETPW,P,4,Import,A,Analyst8
part743,ARTRE,P,1,Local,C,Analyst3
part744,NQNBA,P,8,Import,A,Analyst3
part745,JUYZR,P,5,Import,B,Analyst10
part746,GQQAU,P,3,Import,A,Analyst2
part747,JUYZR,P,5,Import,A,Analyst5
part748,HETPW,P,4,Import,A,Analyst9
part749,NQNBA,P,8,Import,B,Analyst9
part750,DMIAC,P,1,Local,B,Analyst4
part751,CZTYU,P,1,Local,B,Analyst4
part752,DMIAC,P,1,Local,B,Analyst8
part753,NQNBA,P,8,Import,A,Analyst10
part754,ARTRE,P,1,Local,B,Analyst1
part755,JUYZR,P,5,Import,C,Analyst4
part756,ARTRE,P,1,Local,C,Analyst3
part757,HETPW,P,4,Import,A,Analyst3
part758,FINY7,P,2,Import,A,Analyst8
part759,CZTYU,P,1,Local,C,Analyst5
part760,NQNBA,P,8,Import,C,Analyst1
part761,CZTYU,P,1,Local,C,Analyst9
part762,LKEL9,P,7,Import,B,Analyst8
part763,GQQAU,P,3,Import,C,Analyst8
part764,JUYZR,P,5,Import,C,Analyst10
part765,BLWIB,P,1,Local,C,Analyst5
part766,FINY7,P,2,Import,C,Analyst8
part767,GQQAU,P,3,Import,A,Analyst7
part768,NQNBA,P,8,Import,B,Analyst5
part769,CZTYU,P,1,Local,A,Analyst10
part770,K76KL,P,6,Import,C,Analyst8
part771,MIO43,P,7,Import,A,Analyst9
part772,LKEL9,P,7,Import,A,Analyst6
part773,PAFUH,P,9,Import,A,Analyst4
part774,ARTRE,P,1,Local,A,Analyst3
part775,DMIAC,P,1,Local,B,Analyst8
part776,PAFUH,P,9,Import,C,Analyst3
part777,FINY7,P,2,Import,A,Analyst10
part778,CZTYU,P,1,Local,A,Analyst4
part779,LKEL9,P,7,Import,A,Analyst5
part780,BLWIB,P,1,Local,C,Analyst10
part781,CZTYU,P,1,Local,B,Analyst3
part782,DMIAC,P,1,Local,C,Analyst3
part783,HETPW,P,4,Import,C,Analyst1
part784,FINY7,P,2,Import,A,Analyst10
part785,K76KL,P,6,Import,B,Analyst1
part786,ARTRE,P,1,Local,A,Analyst1
part787,DMIAC,P,1,Local,A,Analyst5
part788,LKEL9,P,7,Import,B,Analyst10
part789,K76KL,P,6,Import,B,Analyst9
part790,CZTYU,P,1,Local,B,Analyst8
part791,JUYZR,P,5,Import,B,Analyst3
part792,GQQAU,P,3,Import,B,Analyst8
part793,FINY7,P,2,Import,C,Analyst9
part794,FINY7,P,2,Import,A,Analyst9
part795,HETPW,P,4,Import,A,Analyst5
part796,FINY7,P,2,Import,B,Analyst4
part797,HETPW,P,4,Import,C,Analyst2
part798,NQNBA,P,8,Import,C,Analyst2
part799,CZTYU,P,1,Local,C,Analyst2
part800,LKEL9,P,7,Import,A,Analyst2
part801,CZTYU,P,1,Local,C,Analyst9
part802,K76KL,P,6,Import,C,Analyst1
part803,ARTRE,P,1,Local,B,Analyst9
part804,DMIAC,P,1,Local,C,Analyst8
part805,HETPW,P,4,Import,B,Analyst8
part806,FINY7,P,2,Import,A,Analyst6
part807,CZTYU,P,1,Local,A,Analyst6
part808,FINY7,P,2,Import,B,Analyst6
part809,ARTRE,P,1,Local,C,Analyst6
part810,DMIAC,P,1,Local,B,Analyst8
part811,HETPW,P,4,Import,A,Analyst4
part812,CZTYU,P,1,Local,A,Analyst8
part813,MIO43,P,7,Import,A,Analyst6
part814,BLWIB,P,1,Local,C,Analyst6
part815,FINY7,P,2,Import,B,Analyst5
part816,PAFUH,P,9,Import,A,Analyst3
part817,JUYZR,P,5,Import,A,Analyst3
part818,NQNBA,P,8,Import,B,Analyst7
part819,BLWIB,P,1,Local,C,Analyst1
part820,PAFUH,P,9,Import,B,Analyst3
part821,JUYZR,P,5,Import,C,Analyst9
part822,CZTYU,P,1,Local,C,Analyst4
part823,MIO43,P,7,Import,B,Analyst10
part824,PAFUH,P,9,Import,B,Analyst2
part825,LKEL9,P,7,Import,A,Analyst10
part826,NQNBA,P,8,Import,A,Analyst3
part827,JUYZR,P,5,Import,C,Analyst7
part828,JUYZR,P,5,Import,B,Analyst10
part829,MIO43,P,7,Import,B,Analyst8
part830,BL1IB,P,1,Local,B,Analyst2
part831,GQQAU,P,3,Import,A,Analyst3
part832,ARTRE,P,1,Local,B,Analyst10
part833,FINY7,P,2,Import,A,Analyst5
part834,MCRET,P,7,Import,B,Analyst4
part835,LKEL9,P,7,Import,B,Analyst5
part836,CZTYU,P,1,Local,B,Analyst7
part837,CLMVE,P,1,Local,A,Analyst2
part838,ARTRE,P,1,Local,B,Analyst10
part839,CLMVE,P,1,Local,A,Analyst9
part840,DMIAC,P,1,Local,A,Analyst7
part841,NQNBA,P,8,Import,A,Analyst3
part842,ARTRE,P,1,Local,C,Analyst7
part843,F7VIY,P,2,Import,B,Analyst3
part844,NQNBA,P,8,Import,A,Analyst3
part845,NQNBA,P,8,Import,C,Analyst6
part846,PAFUH,P,9,Import,C,Analyst10
part847,MCRET,P,7,Import,A,Analyst7
part848,CLMVE,P,1,Local,B,Analyst6
part849,BL1IB,P,1,Local,A,Analyst8
part850,NQNBA,P,8,Import,A,Analyst10
part851,CLMVE,P,1,Local,A,Analyst6
part852,GQQAU,P,3,Import,B,Analyst6
part853,HETPW,P,4,Import,A,Analyst10
part854,JUYZR,P,5,Import,C,Analyst8
part855,K76KL,P,6,Import,C,Analyst10
part856,MCRET,P,7,Import,B,Analyst5
part857,DMIAC,P,1,Local,B,Analyst9
part858,NQNBA,P,8,Import,C,Analyst10
part859,NQNBA,P,8,Import,C,Analyst7
part860,K76KL,P,6,Import,A,Analyst9
part861,CLMVE,P,1,Local,A,Analyst7
part862,K76KL,P,6,Import,C,Analyst1
part863,PAFUH,P,9,Import,C,Analyst10
part864,GQQAU,P,3,Import,B,Analyst9
part865,CLMVE,P,1,Local,A,Analyst10
part866,PAFUH,P,9,Import,A,Analyst5
part867,LKEL9,P,7,Import,B,Analyst4
part868,F7VIY,P,2,Import,B,Analyst3
part869,K76KL,P,6,Import,A,Analyst6
part870,HETPW,P,4,Import,B,Analyst1
part871,F7VIY,P,2,Import,A,Analyst4
part872,F7VIY,P,2,Import,C,Analyst4
part873,NQNBA,P,8,Import,C,Analyst2
part874,K76KL,P,6,Import,B,Analyst9
part875,NQNBA,P,8,Import,A,Analyst3
part876,HETPW,P,4,Import,B,Analyst8
part877,LKEL9,P,7,Import,B,Analyst4
part878,MCRET,P,7,Import,A,Analyst1
part879,K76KL,P,6,Import,B,Analyst8
part880,LKEL9,P,7,Import,A,Analyst10
part881,CLMVE,P,1,Local,A,Analyst4
part882,CLMVE,P,1,Local,A,Analyst5
part883,MCRET,P,7,Import,B,Analyst6
part884,NQNBA,P,8,Import,B,Analyst4
part885,NQNBA,P,8,Import,B,Analyst2
part886,MCRET,P,7,Import,A,Analyst6
part887,DMIAC,P,1,Local,C,Analyst7
part888,DMIAC,P,1,Local,B,Analyst3
part889,CLMVE,P,1,Local,C,Analyst6
part890,JUYZR,P,5,Import,A,Analyst2
part891,MCRET,P,7,Import,C,Analyst10
part892,ARTRE,P,1,Local,B,Analyst3
part893,LKEL9,P,7,Import,C,Analyst10
part894,CLMVE,P,1,Local,C,Analyst8
part895,JUYZR,P,5,Import,A,Analyst1
part896,BL1IB,P,1,Local,A,Analyst4
part897,MCRET,P,7,Import,B,Analyst6
part898,JUYZR,P,5,Import,C,Analyst10
part899,LKEL9,P,7,Import,C,Analyst3
part900,JUYZR,P,5,Import,B,Analyst7
part901,ARTRE,P,1,Local,A,Analyst3
part902,HIOLP,P,4,Import,C,Analyst5
part903,F7VIY,P,2,Import,B,Analyst1
part904,K76KL,P,6,Import,B,Analyst2
part905,MCRET,P,7,Import,A,Analyst5
part906,DZZRT,P,1,Local,B,Analyst10
part907,K76KL,P,6,Import,A,Analyst4
part908,CLMVE,P,1,Local,A,Analyst5
part909,K76KL,P,6,Import,B,Analyst4
part910,HIOLP,P,4,Import,B,Analyst9
part911,JUYZR,P,5,Import,B,Analyst6
part912,JUYZR,P,5,Import,A,Analyst6
part913,LKEL9,P,7,Import,A,Analyst10
part914,MCRET,P,7,Import,C,Analyst7
part915,MCRET,P,7,Import,B,Analyst8
part916,K76KL,P,6,Import,C,Analyst6
part917,JUYZR,P,5,Import,A,Analyst2
part918,DZZRT,P,1,Local,B,Analyst5
part919,GQQAU,P,3,Import,A,Analyst5
part920,GQQAU,P,3,Import,B,Analyst2
part921,HIOLP,P,4,Import,A,Analyst4
part922,K76KL,P,6,Import,B,Analyst3
part923,NQNBA,P,8,Import,C,Analyst3
part924,K76KL,P,6,Import,C,Analyst4
part925,NQNBA,P,8,Import,B,Analyst2
part926,CLMVE,P,1,Local,C,Analyst3
part927,MCRET,P,7,Import,C,Analyst6
part928,HIOLP,P,4,Import,B,Analyst2
part929,NQNBA,P,8,Import,A,Analyst1
part930,HIOLP,P,4,Import,B,Analyst3
part931,K76KL,P,6,Import,C,Analyst10
part932,MCRET,P,7,Import,A,Analyst4
part933,CLMVE,P,1,Local,B,Analyst6
part934,JUYZR,P,5,Import,B,Analyst1
part935,PAFUH,P,9,Import,A,Analyst4
part936,GQQAU,P,3,Import,C,Analyst6
part937,PAFUH,P,9,Import,C,Analyst1
part938,ARTRE,P,1,Local,C,Analyst4
part939,K76KL,P,6,Import,B,Analyst4
part940,JLWET,P,5,Import,A,Analyst6
part941,DZZRT,P,1,Local,A,Analyst1
part942,NQNBA,P,8,Import,A,Analyst3
part943,K76KL,P,6,Import,B,Analyst3
part944,LKEL9,P,7,Import,A,Analyst10
part945,CLMVE,P,1,Local,A,Analyst7
part946,MCRET,P,7,Import,B,Analyst3
part947,AWXCT,P,1,Local,C,Analyst8
part948,DZZRT,P,1,Local,C,Analyst5
part949,LKEL9,P,7,Import,C,Analyst1
part950,GQQAU,P,3,Import,B,Analyst5
part951,DZZRT,P,1,Local,B,Analyst2
part952,JLWET,P,5,Import,C,Analyst8
part953,KIO27,P,6,Import,B,Analyst1
part954,GQQAU,P,3,Import,A,Analyst10
part955,LKEL9,P,7,Import,B,Analyst3
part956,PAFUH,P,9,Import,A,Analyst3
part957,LKEL9,P,7,Import,B,Analyst6
part958,F7VIY,P,2,Import,C,Analyst2
part959,AWXCT,P,1,Local,C,Analyst8
part960,BL1IB,P,1,Local,C,Analyst10
part961,JLWET,P,5,Import,C,Analyst1
part962,DZZRT,P,1,Local,B,Analyst2
part963,PAFUH,P,9,Import,B,Analyst10
part964,HIOLP,P,4,Import,A,Analyst8
part965,F7VIY,P,2,Import,B,Analyst3
part966,HIOLP,P,4,Import,A,Analyst6
part967,JLWET,P,5,Import,B,Analyst1
part968,CLMVE,P,1,Local,A,Analyst6
part969,NQNBA,P,8,Import,B,Analyst5
part970,F7VIY,P,2,Import,B,Analyst5
part971,PAFUH,P,9,Import,C,Analyst10
part972,MCRET,P,7,Import,B,Analyst3
part973,MCRET,P,7,Import,A,Analyst1
part974,AWXCT,P,1,Local,C,Analyst7
part975,DZZRT,P,1,Local,B,Analyst4
part976,BL1IB,P,1,Local,A,Analyst8
part977,MCRET,P,7,Import,C,Analyst4
part978,F7VIY,P,2,Import,A,Analyst10
part979,DZZRT,P,1,Local,C,Analyst4
part980,HIOLP,P,4,Import,A,Analyst10
part981,BX1IP,P,1,Local,C,Analyst7
part982,GQQAU,P,3,Import,C,Analyst7
part983,F7VIY,P,2,Import,A,Analyst7
part984,MCRET,P,7,Import,C,Analyst7
part985,PAFUH,P,9,Import,C,Analyst6
part986,PAFUH,P,9,Import,B,Analyst4
part987,JLWET,P,5,Import,B,Analyst2
part988,MCRET,P,7,Import,A,Analyst7
part989,PAFUH,P,9,Import,A,Analyst10
part990,F7VIY,P,2,Import,A,Analyst1
part991,PAFUH,P,9,Import,B,Analyst3
part992,DZZRT,P,1,Local,A,Analyst2
part993,LKEL9,P,7,Import,C,Analyst3
part994,GQQAU,P,3,Import,C,Analyst6
part995,CLMVE,P,1,Local,A,Analyst3
part996,JLWET,P,5,Import,C,Analyst6
part997,NQNBA,P,8,Import,B,Analyst6
part998,PAFUH,P,9,Import,C,Analyst2
part999,F7VIY,P,2,Import,A,Analyst6
part1000,KLP98,P,6,Import,C,Analyst8
